id,course_group,source_area,liberal_area,completion_type,completion_type_raw,course_code,course_name,section,professor,department,credits,class_hours,lecture_type,seats_total,seats_left,time_raw,target_raw,notes
C0001,major,AI소프트웨어학부,,전선,전선-AI소프트웨어,2150156801,Co-op클라우드트랙(AI-PaaS 기초),,최종석,SW교육팀,6,6,,23,0,"화 15:00-16:15 (조만식기념관 12203-최종석)
화 16:30-17:45 (조만식기념관 12203-최종석)
목 15:00-16:15 (조만식기념관 12406-최종석)
목 16:30-17:45 (조만식기념관 12406-최종석)",전체,
C0002,major,AI소프트웨어학부,,전선,전선-AI소프트웨어,2150059401,[심화]Co-op SAP 트랙,,"홍지만
최종석",SW교육팀,6,6,,18,0,"월 화 18:00-19:15 (전산관 19328 (첨단PC실습실)-홍지만)
수 목 18:00-19:15 (전산관 19328 (첨단PC실습실)-최종석)",전체,
C0003,major,AI소프트웨어학부,,전선,전선-AI소프트웨어,2150164005,고급AI수학,(공통-재수강),박중석,AI소프트웨어학부,3,3,,43,7,"화 09:00-10:15 (정보과학관 21301-박중석)
화 10:30-11:45 (정보과학관 21301-박중석)","전체학년 AI소프트웨어학부, 소프트웨어학부, AI융합학부",
C0004,major,AI소프트웨어학부,,전선,전선-AI소프트웨어,2150164108,고급프로그래밍,(공통-재수강),권재환,AI소프트웨어학부,3,4,,24,6,"화 15:00-15:50 (정보과학관 21305 (이철희실습실)-권재환)
화 16:00-16:50 (정보과학관 21305 (이철희실습실)-권재환)
목 15:00-15:50 (정보과학관 21305 (이철희실습실)-권재환)
목 16:00-16:50 (정보과학관 21305 (이철희실습실)-권재환)","전체학년 AI소프트웨어학부, 소프트웨어학부, AI융합학부",
C0005,major,AI소프트웨어학부,,전선,전선-AI소프트웨어,2150162205,기초AI수학,(공통-재수강),박중석,AI소프트웨어학부,3,3,,48,2,"화 13:30-14:45 (벤처중소기업센터 10311-박중석)
화 15:00-16:15 (벤처중소기업센터 10311-박중석)","전체학년 AI소프트웨어학부, 소프트웨어학부, AI융합학부",
C0006,major,AI소프트웨어학부,,전필,전필-AI소프트웨어,2150163704,머신러닝,(공통-재수강),최형광,AI소프트웨어학부,3,3,,40,10,수 금 15:00-16:15 (정보과학관 21301-최형광),"전체학년 AI소프트웨어학부, 소프트웨어학부, AI융합학부",
C0007,major,AI소프트웨어학부,,전기,전기-AI소프트웨어,2150162304,이산수학,(공통-재수강),이재일,AI소프트웨어학부,3,3,,40,0,화 목 10:30-11:45 (정보과학관 21303-이재일),"전체학년 AI소프트웨어학부, 소프트웨어학부, AI융합학부",
C0008,major,AI소프트웨어학부,,전필,전필-AI소프트웨어,2150163206,자료구조,(공통-재수강),권재환,AI소프트웨어학부,3,3,,30,20,화 금 13:30-14:45 (정보과학관 21304-권재환),"전체학년 AI소프트웨어학부, 소프트웨어학부, AI융합학부",
C0009,major,AI소프트웨어학부,,전선,전선-AI소프트웨어,2150163806,컴퓨터구조,(공통-재수강),하석재,AI소프트웨어학부,3,3,,16,34,월 수 18:00-19:15 (정보과학관 21202 (이준호강의실)-하석재),"전체학년 AI소프트웨어학부, 소프트웨어학부, AI융합학부",
C0010,major,AI소프트웨어학부,,전기,전기-AI소프트웨어,2150161407,프로그래밍기초1,(공통-재수강),김익수,AI소프트웨어학부,3,4,,29,1,"월 13:00-13:50 (정보과학관 21305 (이철희실습실)-김익수)
월 14:00-14:50 (정보과학관 21305 (이철희실습실)-김익수)
목 13:00-13:50 (정보과학관 21305 (이철희실습실)-김익수)
목 14:00-14:50 (정보과학관 21305 (이철희실습실)-김익수)","전체학년 AI소프트웨어학부, 소프트웨어학부, AI융합학부",
C0011,major,AI소프트웨어학부,,전기,전기-AI소프트웨어,2150161601,프로그래밍기초2,,이주호,AI소프트웨어학부,3,4,,28,2,"목 15:00-15:50 (정보과학관 21306-이주호)
목 16:00-16:50 (정보과학관 21306-이주호)
목 17:00-17:50 (정보과학관 21306-이주호)
목 18:00-18:50 (정보과학관 21306-이주호)","전체학년 AI소프트웨어학부, 소프트웨어학부, AI융합학부 (대상외수강제한)(대상외수강제한)",
C0012,major,AI소프트웨어학부,,전선,전선-AI소프트웨어,2150162201,기초AI수학,,한상호,AI소프트웨어학부,3,3,,24,24,"목 09:00-10:15 (문화관 03408(AI융합학부 HW실습실)-한상호)
금 10:30-11:45 (문화관 03408(AI융합학부 HW실습실)-한상호)","1학년  AI소프트웨어학부, 소프트웨어학부, AI융합학부 (대상외수강제한)(대상외수강제한)",가
C0013,major,AI소프트웨어학부,,전선,전선-AI소프트웨어,2150162202,기초AI수학,,한상호,AI소프트웨어학부,3,3,,24,24,"목 10:30-11:45 (문화관 03408(AI융합학부 HW실습실)-한상호)
금 09:00-10:15 (문화관 03408(AI융합학부 HW실습실)-한상호)","1학년  AI소프트웨어학부, 소프트웨어학부, AI융합학부 (대상외수강제한)(대상외수강제한)",나
C0014,major,AI소프트웨어학부,,전선,전선-AI소프트웨어,2150162203,기초AI수학,,김형돈,AI소프트웨어학부,3,3,,50,0,"금 09:00-10:15 (미래관 20203-김형돈)
금 10:30-11:45 (미래관 20203-김형돈)","1학년  AI소프트웨어학부, 소프트웨어학부, AI융합학부 (대상외수강제한)(대상외수강제한)",다
C0015,major,AI소프트웨어학부,,전선,전선-AI소프트웨어,2150162204,기초AI수학,,김형돈,AI소프트웨어학부,3,3,,50,0,"금 13:30-14:45 (미래관 20305-김형돈)
금 15:00-16:15 (미래관 20305-김형돈)","1학년  AI소프트웨어학부, 소프트웨어학부, AI융합학부 (대상외수강제한)(대상외수강제한)",라
C0016,major,AI소프트웨어학부,,전기,전기-AI소프트웨어,2150162301,이산수학,,하진철,AI소프트웨어학부,3,3,,32,23,화 목 09:00-10:15 (정보과학관 21304-하진철),"1학년 AI소프트웨어학부, 소프트웨어학부, AI융합학부 (대상외수강제한)(대상외수강제한)",가
C0017,major,AI소프트웨어학부,,전기,전기-AI소프트웨어,2150162302,이산수학,,하진철,AI소프트웨어학부,3,3,,55,0,화 목 10:30-11:45 (정보과학관 21304-하진철),"1학년 AI소프트웨어학부, 소프트웨어학부, AI융합학부 (대상외수강제한)(대상외수강제한)",나
C0018,major,AI소프트웨어학부,,전기,전기-AI소프트웨어,2150162303,이산수학,,이재일,AI소프트웨어학부,3,3,,51,0,화 목 12:00-13:15 (정보과학관 21303-이재일),"1학년 AI소프트웨어학부, 소프트웨어학부, AI융합학부 (대상외수강제한)(대상외수강제한)",다
C0019,major,AI소프트웨어학부,,전기,전기-AI소프트웨어,2150161401,프로그래밍기초1,,김성신,AI소프트웨어학부,3,4,EL+,30,0,"월 09:00-09:50 (정보과학관 21306-김성신)
월 10:00-10:50 (정보과학관 21306-김성신)
수 15:00-15:50 (정보과학관 21306-김성신)
수 16:00-16:50 (정보과학관 21306-김성신)","1학년 AI소프트웨어학부, 소프트웨어학부, AI융합학부 (대상외수강제한)(대상외수강제한)",가
C0020,major,AI소프트웨어학부,,전기,전기-AI소프트웨어,2150161402,프로그래밍기초1,,김성신,AI소프트웨어학부,3,4,EL+,30,0,"월 11:00-11:50 (정보과학관 21306-김성신)
월 12:00-12:50 (정보과학관 21306-김성신)
수 17:00-17:50 (정보과학관 21306-김성신)
수 18:00-18:50 (정보과학관 21306-김성신)","1학년 AI소프트웨어학부, 소프트웨어학부, AI융합학부 (대상외수강제한)(대상외수강제한)",나
C0021,major,AI소프트웨어학부,,전기,전기-AI소프트웨어,2150161403,프로그래밍기초1,,김명호,AI소프트웨어학부,3,4,,31,0,"월 13:00-13:50 (정보과학관 21301-김명호)
월 14:00-14:50 (-김명호)
화 13:00-13:50 (정보과학관 21305 (이철희실습실)-김명호)
화 14:00-14:50 (정보과학관 21305 (이철희실습실)-김명호)","1학년 AI소프트웨어학부, 소프트웨어학부, AI융합학부 (대상외수강제한)(대상외수강제한)",다
C0022,major,AI소프트웨어학부,,전기,전기-AI소프트웨어,2150161404,프로그래밍기초1,,최중섭,AI소프트웨어학부,3,4,,32,0,"월 13:00-13:50 (정보과학관 21306-최중섭)
월 14:00-14:50 (정보과학관 21306-최중섭)
화 13:00-13:50 (정보과학관 21306-최중섭)
화 14:00-14:50 (정보과학관 21306-최중섭)","1학년 AI소프트웨어학부, 소프트웨어학부, AI융합학부 (대상외수강제한)(대상외수강제한)",라
C0023,major,AI소프트웨어학부,,전기,전기-AI소프트웨어,2150161405,프로그래밍기초1,,최중섭,AI소프트웨어학부,3,4,,32,0,"월 15:00-15:50 (정보과학관 21306-최중섭)
월 16:00-16:50 (정보과학관 21306-최중섭)
화 15:00-15:50 (정보과학관 21306-최중섭)
화 16:00-16:50 (정보과학관 21306-최중섭)","1학년 AI소프트웨어학부, 소프트웨어학부, AI융합학부 (대상외수강제한)(대상외수강제한)",마
C0024,major,AI소프트웨어학부,,전기,전기-AI소프트웨어,2150161406,프로그래밍기초1,,김익수,AI소프트웨어학부,3,4,,12,18,"월 09:00-09:50 (정보과학관 21305 (이철희실습실)-김익수)
월 10:00-10:50 (정보과학관 21305 (이철희실습실)-김익수)
목 09:00-09:50 (정보과학관 21305 (이철희실습실)-김익수)
목 10:00-10:50 (정보과학관 21305 (이철희실습실)-김익수)","1학년 AI소프트웨어학부, 소프트웨어학부, AI융합학부 (대상외수강제한)(대상외수강제한)",바
C0025,major,AI소프트웨어학부,,전선,전선-AI소프트웨어,2150164001,고급AI수학,,정선태,AI소프트웨어학부,3,3,,26,24,"화 09:00-10:15 (문화관 03307-정선태)
목 10:30-11:45 (문화관 03307-정선태)","2학년  AI소프트웨어학부, 소프트웨어학부, AI융합학부",가
C0026,major,AI소프트웨어학부,,전선,전선-AI소프트웨어,2150164002,고급AI수학,,정선태,AI소프트웨어학부,3,3,,10,40,"화 10:30-11:45 (문화관 03307-정선태)
목 09:00-10:15 (문화관 03307-정선태)","2학년  AI소프트웨어학부, 소프트웨어학부, AI융합학부",나
C0027,major,AI소프트웨어학부,,전선,전선-AI소프트웨어,2150164003,고급AI수학,,김창훈,AI소프트웨어학부,3,3,,52,0,"목 15:00-16:15 (정보과학관 21304-김창훈)
금 10:30-11:45 (정보과학관 21304-김창훈)","2학년  AI소프트웨어학부, 소프트웨어학부, AI융합학부",다
C0028,major,AI소프트웨어학부,,전선,전선-AI소프트웨어,2150164004,고급AI수학,,김창훈,AI소프트웨어학부,3,3,,50,0,"목 16:30-17:45 (정보과학관 21304-김창훈)
금 15:00-16:15 (정보과학관 21304-김창훈)","2학년  AI소프트웨어학부, 소프트웨어학부, AI융합학부",라
C0029,major,AI소프트웨어학부,,전선,전선-AI소프트웨어,2150164101,고급프로그래밍,,손장우,AI소프트웨어학부,3,4,,30,0,"월 13:00-13:50 (문화관 03408(AI융합학부 HW실습실)-손장우)
월 14:00-14:50 (문화관 03408(AI융합학부 HW실습실)-손장우)
화 15:00-15:50 (문화관 03408(AI융합학부 HW실습실)-손장우)
화 16:00-16:50 (문화관 03408(AI융합학부 HW실습실)-손장우)","2학년 AI소프트웨어학부, 소프트웨어학부,AI융합학부",가
C0030,major,AI소프트웨어학부,,전선,전선-AI소프트웨어,2150164102,고급프로그래밍,,손장우,AI소프트웨어학부,3,4,,30,0,"월 15:00-15:50 (문화관 03408(AI융합학부 HW실습실)-손장우)
월 16:00-16:50 (문화관 03408(AI융합학부 HW실습실)-손장우)
수 15:00-15:50 (문화관 03408(AI융합학부 HW실습실)-손장우)
수 16:00-16:50 (문화관 03408(AI융합학부 HW실습실)-손장우)","2학년 AI소프트웨어학부, 소프트웨어학부,AI융합학부",나
C0031,major,AI소프트웨어학부,,전선,전선-AI소프트웨어,2150164103,고급프로그래밍,,김성신,AI소프트웨어학부,3,4,EL+,29,1,"화 09:00-09:50 (정보과학관 21306-김성신)
화 10:00-10:50 (정보과학관 21306-김성신)
수 11:00-11:50 (정보과학관 21306-김성신)
수 12:00-12:50 (정보과학관 21306-김성신)","2학년 AI소프트웨어학부, 소프트웨어학부,AI융합학부",다
C0032,major,AI소프트웨어학부,,전선,전선-AI소프트웨어,2150164104,고급프로그래밍,,김성신,AI소프트웨어학부,3,4,EL+,27,3,"수 09:00-09:50 (정보과학관 21306-김성신)
수 10:00-10:50 (정보과학관 21306-김성신)
목 11:00-11:50 (정보과학관 21306-김성신)
목 12:00-12:50 (정보과학관 21306-김성신)","2학년 AI소프트웨어학부, 소프트웨어학부,AI융합학부",라
C0033,major,AI소프트웨어학부,,전선,전선-AI소프트웨어,2150164106,고급프로그래밍,,황우섭,AI소프트웨어학부,3,4,,24,6,"월 10:00-10:50 (문화관 03407(AI융합학부 SW실습실)-황우섭)
월 11:00-11:50 (문화관 03407(AI융합학부 SW실습실)-황우섭)
수 10:00-10:50 (문화관 03407(AI융합학부 SW실습실)-황우섭)
수 11:00-11:50 (문화관 03407(AI융합학부 SW실습실)-황우섭)","2학년 AI소프트웨어학부, 소프트웨어학부,AI융합학부",바
C0034,major,AI소프트웨어학부,,전선,전선-AI소프트웨어,2150164107,고급프로그래밍,,황우섭,AI소프트웨어학부,3,4,,20,10,"월 15:00-15:50 (정보과학관 21305 (이철희실습실)-황우섭)
월 16:00-16:50 (정보과학관 21305 (이철희실습실)-황우섭)
수 15:00-15:50 (정보과학관 21305 (이철희실습실)-황우섭)
수 16:00-16:50 (정보과학관 21305 (이철희실습실)-황우섭)","2학년 AI소프트웨어학부, 소프트웨어학부,AI융합학부",사
C0035,major,AI소프트웨어학부,,전선,전선-AI소프트웨어,2150165601,데이터베이스,,박찬준,AI소프트웨어학부,3,3,EL+,49,1,화 목 15:00-16:15 (정보과학관 21206-박찬준),"2학년 AI소프트웨어학부, 소프트웨어학부, AI융합학부
3학년 AI소프트웨어학부, 소프트웨어학부, AI융합학부",가
C0036,major,AI소프트웨어학부,,전선,전선-AI소프트웨어,2150165602,데이터베이스,,정진홍,AI소프트웨어학부,3,3,,51,0,"월 10:30-11:45 (정보과학관 21501-정진홍)
수 10:30-11:45 (정보과학관 21301-정진홍)","2학년 AI소프트웨어학부, 소프트웨어학부, AI융합학부
3학년 AI소프트웨어학부, 소프트웨어학부, AI융합학부",나
C0037,major,AI소프트웨어학부,,전선,전선-AI소프트웨어,2150165603,데이터베이스,,정진홍,AI소프트웨어학부,3,3,,59,0,"월 13:30-14:45 (정보과학관 21501-정진홍)
수 13:30-14:45 (정보과학관 21301-정진홍)","2학년 AI소프트웨어학부, 소프트웨어학부, AI융합학부
3학년 AI소프트웨어학부, 소프트웨어학부, AI융합학부",다
C0038,major,AI소프트웨어학부,,전선,전선-AI소프트웨어,2150165604,데이터베이스,,하석재,AI소프트웨어학부,3,3,,45,5,"월 10:30-11:45 (정보과학관 21206-하석재)
수 12:00-13:15 (정보과학관 21301-하석재)","2학년 AI소프트웨어학부, 소프트웨어학부, AI융합학부
3학년 AI소프트웨어학부, 소프트웨어학부, AI융합학부",라
C0039,major,AI소프트웨어학부,,전필,전필-AI소프트웨어,2150163701,머신러닝,,이강희,AI소프트웨어학부,3,3,,48,2,"화 12:00-13:15 (정보과학관 21206-이강희)
목 12:00-13:15 (정보과학관 21304-이강희)","2학년 AI소프트웨어학부, 소프트웨어학부, AI융합학부",가
C0040,major,AI소프트웨어학부,,전필,전필-AI소프트웨어,2150163702,머신러닝,,이강희,AI소프트웨어학부,3,3,,49,1,"화 13:30-14:45 (정보과학관 21206-이강희)
목 13:30-14:45 (정보과학관 21304-이강희)","2학년 AI소프트웨어학부, 소프트웨어학부, AI융합학부",나
C0041,major,AI소프트웨어학부,,전필,전필-AI소프트웨어,2150163703,머신러닝,,최형광,AI소프트웨어학부,3,3,,12,38,수 금 16:30-17:45 (정보과학관 21301-최형광),"2학년 AI소프트웨어학부, 소프트웨어학부, AI융합학부",다
C0042,major,AI소프트웨어학부,,전선,전선-AI소프트웨어,2150165801,시스템프로그래밍,,한승훈,AI소프트웨어학부,3,3,,51,0,"월 10:30-11:45 (정보과학관 21303-한승훈)
월 12:00-13:15 (정보과학관 21303-한승훈)","2학년 AI소프트웨어학부, 소프트웨어학부, AI융합학부
3학년 AI소프트웨어학부, 소프트웨어학부, AI융합학부",가
C0043,major,AI소프트웨어학부,,전선,전선-AI소프트웨어,2150165802,시스템프로그래밍,,한승훈,AI소프트웨어학부,3,3,,50,0,"월 15:00-16:15 (정보과학관 21301-한승훈)
월 16:30-17:45 (정보과학관 21301-한승훈)","2학년 AI소프트웨어학부, 소프트웨어학부, AI융합학부
3학년 AI소프트웨어학부, 소프트웨어학부, AI융합학부",나
C0044,major,AI소프트웨어학부,,전선,전선-AI소프트웨어,2150165803,시스템프로그래밍,,모지식,AI소프트웨어학부,3,3,,35,15,수 금 12:00-13:15 (정보과학관 21304-모지식),"2학년 AI소프트웨어학부, 소프트웨어학부, AI융합학부
3학년 AI소프트웨어학부, 소프트웨어학부, AI융합학부",다
C0045,major,AI소프트웨어학부,,전필,전필-AI소프트웨어,2150163301,알고리즘,,곽동규,AI소프트웨어학부,3,3,,14,36,"금 10:30-11:45 (미래관 20402-곽동규)
금 12:00-13:15 (미래관 20402-곽동규)","2학년 AI소프트웨어학부, 소프트웨어학부, AI융합학부",가
C0046,major,AI소프트웨어학부,,전필,전필-AI소프트웨어,2150163302,알고리즘,,곽동규,AI소프트웨어학부,3,3,,13,37,"금 15:00-16:15 (벤처중소기업센터 10311-곽동규)
금 16:30-17:45 (벤처중소기업센터 10311-곽동규)","2학년 AI소프트웨어학부, 소프트웨어학부, AI융합학부",나
C0047,major,AI소프트웨어학부,,전필,전필-AI소프트웨어,2150163201,자료구조,,박승현,AI소프트웨어학부,3,3,영·한혼합,49,1,화 목 13:30-14:45 (문화관 03307-박승현),"2학년 AI소프트웨어학부, 소프트웨어학부, AI융합학부",가
C0048,major,AI소프트웨어학부,,전필,전필-AI소프트웨어,2150163202,자료구조,,박승현,AI소프트웨어학부,3,3,영어,50,0,화 목 12:00-13:15 (문화관 03307-박승현),"2학년 AI소프트웨어학부, 소프트웨어학부, AI융합학부",나
C0049,major,AI소프트웨어학부,,전필,전필-AI소프트웨어,2150163203,자료구조,,옥도민,AI소프트웨어학부,3,3,,32,18,"화 10:30-11:45 (미래관 20402-옥도민)
금 10:30-11:45 (정보과학관 21303-옥도민)","2학년 AI소프트웨어학부, 소프트웨어학부, AI융합학부",다
C0050,major,AI소프트웨어학부,,전필,전필-AI소프트웨어,2150163204,자료구조,,옥도민,AI소프트웨어학부,3,3,,46,4,"화 12:00-13:15 (미래관 20402-옥도민)
금 12:00-13:15 (정보과학관 21303-옥도민)","2학년 AI소프트웨어학부, 소프트웨어학부, AI융합학부",라
C0051,major,AI소프트웨어학부,,전선,전선-AI소프트웨어,2150163801,컴퓨터구조,,김강희,AI소프트웨어학부,3,3,,18,27,"월 12:00-13:15 (문화관 03307-김강희)
목 12:00-13:15 (문화관 03407(AI융합학부 SW실습실)-김강희)","2학년 AI소프트웨어학부, 소프트웨어학부, AI융합학부",가
C0052,major,AI소프트웨어학부,,전선,전선-AI소프트웨어,2150163802,컴퓨터구조,,김강희,AI소프트웨어학부,3,3,,33,12,"월 13:30-14:45 (문화관 03307-김강희)
목 13:30-14:45 (문화관 03407(AI융합학부 SW실습실)-김강희)","2학년 AI소프트웨어학부, 소프트웨어학부, AI융합학부",나
C0053,major,AI소프트웨어학부,,전선,전선-AI소프트웨어,2150163803,컴퓨터구조,,공영호,AI소프트웨어학부,3,3,,49,1,"월 09:00-10:15 (정보과학관 21304-공영호)
월 10:30-11:45 (정보과학관 21304-공영호)","2학년 AI소프트웨어학부, 소프트웨어학부, AI융합학부",다
C0054,major,AI소프트웨어학부,,전선,전선-AI소프트웨어,2150163804,컴퓨터구조,,공영호,AI소프트웨어학부,3,3,,47,3,"월 15:00-16:15 (정보과학관 21304-공영호)
월 16:30-17:45 (정보과학관 21304-공영호)","2학년 AI소프트웨어학부, 소프트웨어학부, AI융합학부",라
C0055,major,AI소프트웨어학부,,전선,전선-AI소프트웨어,2150163805,컴퓨터구조,,하석재,AI소프트웨어학부,3,3,,29,21,월 수 16:30-17:45 (정보과학관 21202 (이준호강의실)-하석재),"2학년 AI소프트웨어학부, 소프트웨어학부, AI융합학부",마
C0056,major,AI소프트웨어학부,,전기,전기-AI소프트웨어,2150163101,확률및통계,,손정숙,AI소프트웨어학부,3,3,,51,0,"수 12:00-13:15 (정보과학관 21303-손정숙)
금 12:00-13:15 (정보과학관 21201-손정숙)","2학년 AI소프트웨어학부, 소프트웨어학부, AI융합학부",가
C0057,major,AI소프트웨어학부,,전기,전기-AI소프트웨어,2150163102,확률및통계,,손정숙,AI소프트웨어학부,3,3,,47,3,"수 15:00-16:15 (정보과학관 21501-손정숙)
금 15:00-16:15 (정보과학관 21201-손정숙)","2학년 AI소프트웨어학부, 소프트웨어학부, AI융합학부",나
C0058,major,AI소프트웨어학부,,전기,전기-AI소프트웨어,2150163103,확률및통계,,손정숙,AI소프트웨어학부,3,3,,36,14,"수 16:30-17:45 (정보과학관 21501-손정숙)
금 16:30-17:45 (정보과학관 21201-손정숙)","2학년 AI소프트웨어학부, 소프트웨어학부, AI융합학부",다
C0059,major,AI소프트웨어학부,,전선,전선-AI소프트웨어,2150165701,네트워크,,노동건,AI소프트웨어학부,3,3,,48,2,"수 12:00-13:15 (문화관 03307-노동건)
금 13:30-14:45 (문화관 03307-노동건)","3학년  AI소프트웨어학부, 소프트웨어학부, AI융합학부",가
C0060,major,AI소프트웨어학부,,전선,전선-AI소프트웨어,2150165702,네트워크,,노동건,AI소프트웨어학부,3,3,,47,3,"수 13:30-14:45 (문화관 03307-노동건)
금 12:00-13:15 (문화관 03307-노동건)","3학년  AI소프트웨어학부, 소프트웨어학부, AI융합학부",나
C0061,major,AI소프트웨어학부,,전선,전선-AI소프트웨어,2150165703,네트워크,,주경호,AI소프트웨어학부,3,3,,48,2,월 수 13:30-14:45 (정보과학관 21303-주경호),"3학년  AI소프트웨어학부, 소프트웨어학부, AI융합학부",다
C0062,major,AI소프트웨어학부,,전선,전선-AI소프트웨어,2150165704,네트워크,,주경호,AI소프트웨어학부,3,3,,50,0,화 목 13:30-14:45 (정보과학관 21303-주경호),"3학년  AI소프트웨어학부, 소프트웨어학부, AI융합학부",라
C0063,major,AI소프트웨어학부,,전선,전선-AI소프트웨어,2150167901,네트워크보안,,최대선,AI소프트웨어학부,3,3,,47,3,"화 09:00-10:15 (정보과학관 21305 (이철희실습실)-최대선)
화 10:30-11:45 (정보과학관 21305 (이철희실습실)-최대선)","3학년 AI소프트웨어학부, 소프트웨어학부, AI융합학부
4학년 AI소프트웨어학부, 소프트웨어학부, AI융합학부",
C0064,major,AI소프트웨어학부,,전선,전선-AI소프트웨어,2150166001,데이터사이언스,,박건우,AI소프트웨어학부,3,3,,44,6,"월 18:00-19:15 (문화관 03411(AI SPACE)-박건우)
목 16:30-17:45 (문화관 03411(AI SPACE)-박건우)","3학년 AI소프트웨어학부, 소프트웨어학부, AI융합학부",가
C0065,major,AI소프트웨어학부,,전선,전선-AI소프트웨어,2150166002,데이터사이언스,,박건우,AI소프트웨어학부,3,3,,42,8,"월 16:30-17:45 (문화관 03411(AI SPACE)-박건우)
목 18:00-19:15 (문화관 03411(AI SPACE)-박건우)","3학년 AI소프트웨어학부, 소프트웨어학부, AI융합학부",나
C0066,major,AI소프트웨어학부,,전선,전선-AI소프트웨어,2150166101,딥러닝프로그래밍,,한영준,AI소프트웨어학부,3,3,,19,31,"화 10:30-11:45 (문화관 03411(AI SPACE)-한영준)
목 12:00-13:15 (문화관 03411(AI SPACE)-한영준)","3학년  AI소프트웨어학부, 소프트웨어학부, AI융합학부",가
C0067,major,AI소프트웨어학부,,전선,전선-AI소프트웨어,2150166102,딥러닝프로그래밍,,한영준,AI소프트웨어학부,3,3,,22,28,"화 12:00-13:15 (문화관 03411(AI SPACE)-한영준)
목 10:30-11:45 (문화관 03411(AI SPACE)-한영준)","3학년  AI소프트웨어학부, 소프트웨어학부, AI융합학부",나
C0068,major,AI소프트웨어학부,,전선,전선-AI소프트웨어,2150166103,딥러닝프로그래밍,,김희원,AI소프트웨어학부,3,3,영·한혼합,46,0,"화 12:00-13:15 (문화관 03408(AI융합학부 HW실습실)-김희원)
화 13:30-14:45 (문화관 03408(AI융합학부 HW실습실)-김희원)","3학년  AI소프트웨어학부, 소프트웨어학부, AI융합학부",다
C0069,major,AI소프트웨어학부,,전선,전선-AI소프트웨어,2150166104,딥러닝프로그래밍,,김희원,AI소프트웨어학부,3,3,영·한혼합,55,0,"화 16:30-17:45 (정보과학관 21206-김희원)
화 18:00-19:15 (정보과학관 21206-김희원)","3학년  AI소프트웨어학부, 소프트웨어학부, AI융합학부",라
C0070,major,AI소프트웨어학부,,전선,전선-AI소프트웨어,2150166201,로봇프로그래밍,,한영준,AI소프트웨어학부,3,3,,44,6,화 목 15:00-16:15 (문화관 03411(AI SPACE)-한영준),"3학년 AI소프트웨어학부, 소프트웨어학부, AI융합학부",
C0071,major,AI소프트웨어학부,,전선,전선-AI소프트웨어,2150165001,빅데이터분석,,박소희,AI소프트웨어학부,3,3,,44,6,"화 09:00-10:15 (정보과학관 21206-박소희)
목 10:30-11:45 (정보과학관 21206-박소희)","3학년 AI소프트웨어학부, 소프트웨어학부, AI융합학부
4학년 AI소프트웨어학부, 소프트웨어학부, AI융합학부",가
C0072,major,AI소프트웨어학부,,전선,전선-AI소프트웨어,2150165002,빅데이터분석,,나현식,AI소프트웨어학부,3,3,,36,14,"화 10:30-11:45 (정보과학관 21206-나현식)
목 09:00-10:15 (정보과학관 21206-나현식)","3학년 AI소프트웨어학부, 소프트웨어학부, AI융합학부
4학년 AI소프트웨어학부, 소프트웨어학부, AI융합학부",나
C0073,major,AI소프트웨어학부,,전선,전선-AI소프트웨어,2150165901,암호응용,,주경호,AI소프트웨어학부,3,3,,50,0,월 수 15:00-16:15 (정보과학관 21303-주경호),"3학년 AI소프트웨어학부, 소프트웨어학부, AI융합학부",
C0074,major,AI소프트웨어학부,,전필,전필-AI소프트웨어,2150165401,운영체제,,이은지,AI소프트웨어학부,3,3,,55,0,화 목 15:00-16:15 (문화관 03307-이은지),"3학년 AI소프트웨어학부, 소프트웨어학부, AI융합학부",가
C0075,major,AI소프트웨어학부,,전필,전필-AI소프트웨어,2150165402,운영체제,,이은지,AI소프트웨어학부,3,3,,57,0,화 목 16:30-17:45 (문화관 03307-이은지),"3학년 AI소프트웨어학부, 소프트웨어학부, AI융합학부",나
C0076,major,AI소프트웨어학부,,전선,전선-AI소프트웨어,2150168401,컴퓨터비전,,김성흠,AI소프트웨어학부,3,3,EL+,45,3,"월 09:00-10:15 (문화관 03408(AI융합학부 HW실습실)-김성흠)
수 10:30-11:45 (문화관 03408(AI융합학부 HW실습실)-김성흠)","3학년 AI소프트웨어학부, 소프트웨어학부, AI융합학부
4학년 AI소프트웨어학부, 소프트웨어학부, AI융합학부",가
C0077,major,AI소프트웨어학부,,전선,전선-AI소프트웨어,2150168402,컴퓨터비전,,김성흠,AI소프트웨어학부,3,3,EL+,45,3,"월 10:30-11:45 (문화관 03408(AI융합학부 HW실습실)-김성흠)
수 09:00-10:15 (문화관 03408(AI융합학부 HW실습실)-김성흠)","3학년 AI소프트웨어학부, 소프트웨어학부, AI융합학부
4학년 AI소프트웨어학부, 소프트웨어학부, AI융합학부",나
C0078,major,AI소프트웨어학부,,전선,전선-AI소프트웨어,2150168403,컴퓨터비전,,김성흠,AI소프트웨어학부,3,3,EL+,31,17,"화 09:00-10:15 (문화관 03408(AI융합학부 HW실습실)-김성흠)
화 10:30-11:45 (문화관 03408(AI융합학부 HW실습실)-김성흠)","3학년 AI소프트웨어학부, 소프트웨어학부, AI융합학부
4학년 AI소프트웨어학부, 소프트웨어학부, AI융합학부",
C0079,major,AI소프트웨어학부,,전선,전선-AI소프트웨어,2150165301,프로그래밍언어,,양승민,AI소프트웨어학부,3,3,,64,0,화 목 12:00-13:15 (정보과학관 21301-양승민),"3학년 AI소프트웨어학부, 소프트웨어학부, AI융합학부",가
C0080,major,AI소프트웨어학부,,전선,전선-AI소프트웨어,2150165302,프로그래밍언어,,양승민,AI소프트웨어학부,3,3,,42,18,화 목 15:00-16:15 (정보과학관 21301-양승민),"3학년 AI소프트웨어학부, 소프트웨어학부, AI융합학부",나
C0081,major,AI소프트웨어학부,,전선,전선-AI소프트웨어,2150168601,AI가속기,,신동화,AI소프트웨어학부,3,3,,41,9,"월 10:30-11:45 (문화관 03411(AI SPACE)-신동화)
월 12:00-13:15 (문화관 03411(AI SPACE)-신동화)","4학년 AI소프트웨어학부, 소프트웨어학부, AI융합학부",가
C0082,major,AI소프트웨어학부,,전선,전선-AI소프트웨어,2150168602,AI가속기,,신동화,AI소프트웨어학부,3,3,,43,7,"수 10:30-11:45 (문화관 03411(AI SPACE)-신동화)
수 12:00-13:15 (문화관 03411(AI SPACE)-신동화)","4학년 AI소프트웨어학부, 소프트웨어학부, AI융합학부",나
C0083,major,AI소프트웨어학부,,전선,전선-AI소프트웨어,2150167601,고급캡스톤디자인,,최종수,AI소프트웨어학부,3,3,,19,0,월 수 15:00-16:15 (문화관 03307-최종수),"4학년 4학년 AI소프트웨어학부, 소프트웨어학부, AI융합학부",가
C0084,major,AI소프트웨어학부,,전선,전선-AI소프트웨어,2150167602,고급캡스톤디자인,,이수원,AI소프트웨어학부,3,3,EL+,9,31,"금 15:00-16:15 (정보과학관 21202 (이준호강의실)-이수원)
금 16:30-17:45 (정보과학관 21202 (이준호강의실)-이수원)","4학년 4학년 AI소프트웨어학부, 소프트웨어학부, AI융합학부",나
C0085,major,AI소프트웨어학부,,전선,전선-AI소프트웨어,2150167603,고급캡스톤디자인,,김명호,AI소프트웨어학부,3,3,EL+,13,0,"화 18:00-19:15 (정보과학관 21301-김명호)
화 19:30-20:45 (정보과학관 21301-김명호)","4학년 4학년 AI소프트웨어학부, 소프트웨어학부, AI융합학부",다
C0086,major,AI소프트웨어학부,,전선,전선-AI소프트웨어,2150167604,고급캡스톤디자인,,이상준,AI소프트웨어학부,3,3,EL+,19,0,화 목 19:30-20:45 (정보과학관 21303-이상준),"4학년 4학년 AI소프트웨어학부, 소프트웨어학부, AI융합학부",라
C0087,major,AI소프트웨어학부,,전선,전선-AI소프트웨어,2150167605,고급캡스톤디자인,,이상준,AI소프트웨어학부,3,3,EL+,20,0,화 목 21:00-22:15 (정보과학관 21303-이상준),"4학년 4학년 AI소프트웨어학부, 소프트웨어학부, AI융합학부",마
C0088,major,AI소프트웨어학부,,전선,전선-AI소프트웨어,2150167401,소프트웨어특강1,,최형광,AI소프트웨어학부,3,3,,27,23,수 금 18:00-19:15 (정보과학관 21301-최형광),"4학년 AI소프트웨어학부, 소프트웨어학부, AI융합학부",
C0089,major,AI소프트웨어학부,,전선,전선-AI소프트웨어,2150167801,시스템보안,,조해현,AI소프트웨어학부,3,3,EL+,55,5,"월 18:00-19:15 (정보과학관 21304-조해현)
월 19:30-20:45 (정보과학관 21304-조해현)","4학년 AI소프트웨어학부, 소프트웨어학부, AI융합학부",
C0090,major,AI소프트웨어학부,,전선,전선-AI소프트웨어,2150168201,정보보호프로젝트1,,조해현,AI소프트웨어학부,3,3,EL+,31,19,"월 12:00-13:15 (정보과학관 21304-조해현)
월 13:30-14:45 (정보과학관 21304-조해현)","4학년 AI소프트웨어학부, 소프트웨어학부, AI융합학부",
C0091,major,AI소프트웨어학부,,전선,전선-AI소프트웨어,2150167501,캡스톤디자인,,이강희,AI소프트웨어학부,3,3,,15,0,"수 13:30-14:45 (정보과학관 21206-이강희)
수 15:00-16:15 (정보과학관 21206-이강희)","4학년 AI소프트웨어학부, 소프트웨어학부, AI융합학부",가
C0092,major,AI소프트웨어학부,,전선,전선-AI소프트웨어,2150167502,캡스톤디자인,,최종수,AI소프트웨어학부,3,3,,25,0,월 수 16:30-17:45 (문화관 03307-최종수),"4학년 AI소프트웨어학부, 소프트웨어학부, AI융합학부",나
C0093,liberal,사회·정치·경제,사회·정치·경제,교선,교선,2150046001,4차산업혁명과창업,,장은미,교양교육운영팀,3,3,녹화,103,7,,전체학년 전체,1. (대면 중간고사) 4월 25일 (토) 오후 8시~ 9시 / 2. (대면 기말고사) 6월 20일(토) 오후 8시-9시
C0094,liberal,사회·정치·경제,사회·정치·경제,교선,교선,2150049601,한국사회변동과기독교,,김명배,교양교육운영팀,2,2,,57,3,"화 15:00-15:50 (조만식기념관 12328-김명배)
화 16:00-16:50 (조만식기념관 12328-김명배)",전체학년 전체,
C0095,liberal,사회·정치·경제,사회·정치·경제,교선,교선,2150056601,미래사회와인간의마음이해,,유경훈,교양교육운영팀,3,3,EL+,47,3,"화 15:00-16:15 (진리관 11517-유경훈)
화 16:30-17:45 (진리관 11517-유경훈)",전체학년 전체,
C0096,liberal,사회·정치·경제,사회·정치·경제,교선,교선,2150066301,AI시대의경제통상이해,,신우철,글로벌통상학과,3,3,,44,6,"수 15:00-16:15 (교육관 06302-신우철)
수 16:30-17:45 (교육관 06302-신우철)",전체학년,
C0097,liberal,사회·정치·경제,사회·정치·경제,교선,교선,2150069101,글로벌이슈와시민역량,,송영숙,교양교육운영팀,3,3,,22,28,"화 16:30-17:45 (백마관 07317-송영숙)
화 18:00-19:15 (백마관 07317-송영숙)",전체학년 전체,
C0098,liberal,사회·정치·경제,사회·정치·경제,교선,교선,2150094401,다문화이해와세계시민,,조은식,교양교육운영팀,3,3,,45,3,"수 15:00-16:15 (조만식기념관 12204-조은식)
수 16:30-17:45 (조만식기념관 12204-조은식)",전체학년 전체,
C0099,liberal,사회·정치·경제,사회·정치·경제,교선,교선,2150094801,Introduction to Asian Studies,,김지영,교양교육운영팀,3,3,영어,31,9,"화 12:00-13:15 (진리관 11301-김지영)
화 13:30-14:45 (진리관 11301-김지영)",전체학년 교환학생(대상외수강제한),
C0100,liberal,사회·정치·경제,사회·정치·경제,교선,교선,2150106501,생활속의개인정보보호법,,이재구,국제법무학과,3,3,,50,0,"월 12:00-13:15 (백마관 07403-이재구)
월 13:30-14:45 (백마관 07403-이재구)",전체,
C0101,liberal,사회·정치·경제,사회·정치·경제,교선,교선,2150106601,디지털시대의미디어읽기,,조명희,정보사회학과,3,3,EL+,49,1,"금 15:00-16:15 (조만식기념관 12530 (경제학과겸임교수강의실)-조명희)
금 16:30-17:45 (조만식기념관 12530 (경제학과겸임교수강의실)-조명희)",전체학년,
C0102,liberal,사회·정치·경제,사회·정치·경제,교선,교선,2150107701,민주주의와토론,(팀티칭),"문영식
이국배",교양교육운영팀,3,3,EL+,37,13,"목 15:00-16:15 (백마관 07116-이국배)
목 16:30-17:45 (백마관 07116-이국배)
목 15:00-16:15 (백마관 07116-문영식)
목 16:30-17:45 (백마관 07116-문영식)
목 15:00-16:15 (백마관 07116-이국배)
목 16:30-17:45 (백마관 07116-이국배)",전체학년 전체,
C0103,liberal,사회·정치·경제,사회·정치·경제,교선,교선,2150108001,스타트업비즈니스모델디자인,,장은미,교양교육운영팀,3,3,EL+,41,9,"월 15:00-16:15 (조만식기념관 12208-장은미)
월 16:30-17:45 (조만식기념관 12208-장은미)",전체학년 (대상외수강제한)(대상외수강제한),"벤처중소, 순수외국인입학생 제외"
C0104,liberal,사회·정치·경제,사회·정치·경제,교선,교선,2150138301,씬스틸LAW-영화로배우는친족법,,이지은,학사팀,3,3,녹화,252,8,,전체,"대면 중간고사, 4.16(목) 19:30-20:20 대면 기말고사, 6.11(목) 19:00-19:50 조만식기념관 327, 328, 329"
C0105,liberal,사회·정치·경제,사회·정치·경제,교선,교선,2150138401,감성지능리더십,,조승호,학사팀,3,3,녹화,255,5,,전체,"대면 기말고사, 6.16(화) 19:00-19:50 조만식기념관 311, 312, 330호"
C0106,liberal,사회·정치·경제,사회·정치·경제,교선,교선,2150142901,ESG경영과사회문제해결,,김종옥,벤처중소기업학과,3,3,EL+,48,2,"화 15:00-16:15 (문화관 03314-김종옥)
화 16:30-17:45 (문화관 03314-김종옥)",전체,
C0107,liberal,사회·정치·경제,사회·정치·경제,교선,교선,2150153101,디지털시대의사회변동,,정인관,정보사회학과,3,3,EL+,44,6,"수 15:00-16:15 (벤처중소기업센터 10512-정인관)
수 16:30-17:45 (벤처중소기업센터 10512-정인관)",전체학년,
C0108,liberal,사회·정치·경제,사회·정치·경제,교선,교선,2150175801,여성학,,조명희,정보사회학과,2,2,,43,7,"금 12:00-12:50 (조만식기념관 12530 (경제학과겸임교수강의실)-조명희)
금 13:00-13:50 (조만식기념관 12530 (경제학과겸임교수강의실)-조명희)",전체학년,
C0109,liberal,사회·정치·경제,사회·정치·경제,교선,교선,2150178501,4.0국제물류와운송,,이기병,벤처경영학과(계약학과),3,3,대면+녹화,6,29,토 09:30-10:45 (숭덕경상관 02212-이기병),전체학년 벤처경영학과(계약학과) (대상외수강제한)(대상외수강제한),
C0110,liberal,사회·정치·경제,사회·정치·경제,교선,교선,2150179301,Cinematic Journeys through Modern Korea,,윤영실,숭실학술원 행정팀,3,3,영어,33,17,"목 15:00-16:15 (진리관 11302-윤영실)
목 16:30-17:45 (진리관 11302-윤영실)",전체,교환학생 수강 대상 과목
C0111,liberal,사회·정치·경제,사회·정치·경제,교선,교선,2150180701,컨설팅방법과프로젝트관리(숭실사이버대),,,학사팀,3,3,녹화,190,10,,전체,"대면기말고사 26.6.12.(금) 19:00-19:50(진리관 407, 516, 517, 521) / 본교생만 수강가능(국내대학 학점교류생 수강불가)"
C0112,liberal,사회·정치·경제,사회·정치·경제,교선,교선,2150188201,인간관계론,,강예선,사회복지학부,2,2,,41,9,"월 09:00-09:50 (미래관 20305-강예선)
월 10:00-10:50 (미래관 20305-강예선)",전체,
C0113,liberal,사회·정치·경제,사회·정치·경제,교선,교선,2150188202,인간관계론,,김진경,사회복지학부,2,2,,48,2,"수 18:00-18:50 (조만식기념관 12525 (박영립강의실)-김진경)
수 19:00-19:50 (조만식기념관 12525 (박영립강의실)-김진경)",전체,
C0114,liberal,사회·정치·경제,사회·정치·경제,교선,교선,2150188203,인간관계론,,전세희,사회복지학부,2,2,EL+,48,2,"화 09:00-09:50 (조만식기념관 12209-전세희)
화 10:00-10:50 (조만식기념관 12209-전세희)",전체,
C0115,liberal,사회·정치·경제,사회·정치·경제,교선,교선,2150188204,인간관계론,,이은형,사회복지학부,2,2,EL+,46,4,"목 15:00-15:50 (벤처중소기업센터 10512-이은형)
목 16:00-16:50 (벤처중소기업센터 10512-이은형)",전체,
C0116,liberal,사회·정치·경제,사회·정치·경제,교선,교선,2150310301,법과국제사회,,박언경,법학과,3,3,EL+,44,6,"수 09:00-10:15 (조만식기념관 12113 (장애학생강의실)-박언경)
수 10:30-11:45 (조만식기념관 12113 (장애학생강의실)-박언경)",전체(법대제외),
C0117,liberal,사회·정치·경제,사회·정치·경제,교선,교선,2150332901,생활과경제,,김정환,경제학과,3,3,,44,6,"화 10:30-11:45 (조만식기념관 12113 (장애학생강의실)-김정환)
화 12:00-13:15 (조만식기념관 12113 (장애학생강의실)-김정환)",전체,
C0118,liberal,사회·정치·경제,사회·정치·경제,교선,교선,2150332902,생활과경제,,김정환,경제학과,3,3,,45,5,"화 16:30-17:45 (숭덕경상관 02108-김정환)
화 18:00-19:15 (숭덕경상관 02108-김정환)",전체,
C0119,liberal,사회·정치·경제,사회·정치·경제,교선,교선,2150333001,현대도시문제,,정지연,정보사회학과,3,3,EL+,45,5,"월 15:00-16:15 (벤처중소기업센터 10512-정지연)
월 16:30-17:45 (벤처중소기업센터 10512-정지연)",전체학년,
C0120,liberal,사회·정치·경제,사회·정치·경제,교선,교선,2150333901,일본의이해,,조은애,일어일문학과,3,3,,48,2,"화 15:00-16:15 (조만식기념관 12210-조은애)
화 16:30-17:45 (조만식기념관 12210-조은애)",전체,
C0121,liberal,사회·정치·경제,사회·정치·경제,교선,교선,2150333902,일본의이해,,조은애,일어일문학과,3,3,,47,3,"금 15:00-16:15 (진리관 11303-조은애)
금 16:30-17:45 (진리관 11303-조은애)",전체,
C0122,liberal,사회·정치·경제,사회·정치·경제,교선,교선,2150342701,국제무역의이해,,김시라,글로벌통상학과,3,3,,47,3,화 금 15:00-16:15 (교육관 06302-김시라),전체(글로벌통상제외),
C0123,liberal,사회·정치·경제,사회·정치·경제,교선,교선,2150342702,국제무역의이해,,김시라,글로벌통상학과,3,3,,46,4,화 금 16:30-17:45 (교육관 06302-김시라),전체(글로벌통상제외),
C0124,liberal,사회·정치·경제,사회·정치·경제,교선,교선,2150342703,국제무역의이해,,김동영,글로벌통상학과,3,3,,45,5,월 수 18:00-19:15 (숭덕경상관 02201-김동영),전체(글로벌통상제외),
C0125,liberal,사회·정치·경제,사회·정치·경제,교선,교선,2150382801,자본주의와민주주의,,김성현,정치외교학과,3,3,,41,9,"월 15:00-16:15 (조만식기념관 12329-김성현)
월 16:30-17:45 (조만식기념관 12329-김성현)",전체,
C0126,liberal,사회·정치·경제,사회·정치·경제,교선,교선,2150382901,법의이해,,김은희,법학과,3,3,EL+,44,6,"금 13:30-14:45 (미래관 20201-김은희)
금 15:00-16:15 (미래관 20201-김은희)",전체(법대제외),
C0127,liberal,사회·정치·경제,사회·정치·경제,교선,교선,2150385101,경영혁신의이해,,민정아,경영학부,3,3,,38,2,"화 15:00-16:15 (미래관 20502-민정아)
화 16:30-17:45 (미래관 20502-민정아)",전체,
C0128,liberal,사회·정치·경제,사회·정치·경제,교선,교선,2150479201,정의와현대사회,,이순웅,철학과,3,3,,39,11,"월 16:30-17:45 (진리관 11403-이순웅)
수 16:30-17:45 (조만식기념관 12326 (조해자강의실)-이순웅)",전체,
C0129,liberal,사회·정치·경제,사회·정치·경제,교선,교선,2150480001,부동산학개론,,최선규,법학과,2,2,,47,3,"화 12:00-12:50 (백마관 07116-최선규)
화 13:00-13:50 (백마관 07116-최선규)",전체,
C0130,liberal,사회·정치·경제,사회·정치·경제,교선,교선,2150480002,부동산학개론,,박선종,법학과,2,2,,43,7,"수 12:00-12:50 (교육관 06203-박선종)
수 13:00-13:50 (교육관 06203-박선종)",전체,
C0131,liberal,사회·정치·경제,사회·정치·경제,교선,교선,2150480003,부동산학개론,,박선종,법학과,2,2,,32,8,"수 15:00-15:50 (백마관 07119-박선종)
수 16:00-16:50 (백마관 07119-박선종)",전체,
C0132,liberal,사회·정치·경제,사회·정치·경제,교선,교선,2150480004,부동산학개론,,박선종,법학과,2,2,,38,12,"목 15:00-15:50 (조만식기념관 12310-박선종)
목 16:00-16:50 (조만식기념관 12310-박선종)",전체,
C0133,liberal,사회·정치·경제,사회·정치·경제,교선,교선,2150480005,부동산학개론,,전세경,법학과,2,2,,45,5,"금 12:00-12:50 (교육관 06302-전세경)
금 13:00-13:50 (교육관 06302-전세경)",전체,
C0134,liberal,사회·정치·경제,사회·정치·경제,교선,교선,2150480006,부동산학개론,,전세경,법학과,2,2,,47,3,"월 12:00-12:50 (교육관 06301-전세경)
월 13:00-13:50 (교육관 06301-전세경)",전체,
C0135,liberal,사회·정치·경제,사회·정치·경제,교선,교선,2150520701,인간심리와평생학습,,정선영,평생교육학과,2,2,,43,7,"월 15:00-15:50 (조만식기념관 12209-정선영)
월 16:00-16:50 (조만식기념관 12209-정선영)",전체,
C0136,liberal,사회·정치·경제,사회·정치·경제,교선,교선,2150520702,인간심리와평생학습,,박지영,평생교육학과,2,2,,44,6,"수 15:00-15:50 (조만식기념관 12209-박지영)
수 16:00-16:50 (조만식기념관 12209-박지영)",전체,
C0137,liberal,사회·정치·경제,사회·정치·경제,교선,교선,2150520703,인간심리와평생학습,,박수연,평생교육학과,2,2,,48,2,"화 15:00-15:50 (조만식기념관 12209-박수연)
화 16:00-16:50 (조만식기념관 12209-박수연)",전체,
C0138,liberal,사회·정치·경제,사회·정치·경제,교선,교선,2150520704,인간심리와평생학습,,김문희,평생교육학과,2,2,,45,5,"금 15:00-15:50 (조만식기념관 12209-김문희)
금 16:00-16:50 (조만식기념관 12209-김문희)",전체,
C0139,liberal,사회·정치·경제,사회·정치·경제,교선,교선,2150521801,세계속의한국사회와교육,,김수희,평생교육학과,2,2,,30,20,"금 15:00-15:50 (조만식기념관 12329-김수희)
금 16:00-16:50 (조만식기념관 12329-김수희)",전체,
C0140,liberal,사회·정치·경제,사회·정치·경제,교선,교선,2150532501,법과경제생활,,정인섭,법학과,3,3,,37,13,월 목 09:00-10:15 (진리관 11404-정인섭),전체,
C0141,liberal,사회·정치·경제,사회·정치·경제,교선,교선,2150566001,국가정보와국제정치,,모춘흥,교양교육운영팀,3,3,EL+,46,4,"월 15:00-16:15 (조만식기념관 12328-모춘흥)
월 16:30-17:45 (조만식기념관 12328-모춘흥)",전체학년 전체,
C0142,liberal,사회·정치·경제,사회·정치·경제,교선,교선,2150630201,기업의이해,,김종익,경영학부,3,3,,45,5,"수 15:00-16:15 (교육관 06303-김종익)
수 16:30-17:45 (교육관 06303-김종익)",전체,
C0143,liberal,사회·정치·경제,사회·정치·경제,교선,교선,2150630202,기업의이해,,장우철,경영학부,3,3,,47,3,"수 15:00-16:15 (미래관 20401-장우철)
수 16:30-17:45 (미래관 20401-장우철)",전체,
C0144,liberal,사회·정치·경제,사회·정치·경제,교선,교선,2150630203,기업의이해,,정문선,경영학부,3,3,EL+,44,6,"수 15:00-16:15 (진리관 11303-정문선)
수 16:30-17:45 (진리관 11303-정문선)",전체,
C0145,liberal,사회·정치·경제,사회·정치·경제,교선,교선,2150630204,기업의이해,,황근호,경영학부,3,3,,45,5,"목 16:30-17:45 (문화관 03314-황근호)
목 18:00-19:15 (문화관 03314-황근호)",전체,
C0146,liberal,사회·정치·경제,사회·정치·경제,교선,교선,2150630205,기업의이해,,최훈주,경영학부,3,3,,46,4,"화 16:30-17:45 (조만식기념관 12207 (박명복강의실)-최훈주)
화 18:00-19:15 (조만식기념관 12207 (박명복강의실)-최훈주)",전체,
C0147,liberal,사회·정치·경제,사회·정치·경제,교선,교선,2150632801,Global Issues,,Gregory Dawson,교양교육운영팀,3,3,영어,48,2,"화 15:00-16:15 (진리관 11522 (이효계강의실)-Gregory Dawson)
화 16:30-17:45 (진리관 11522 (이효계강의실)-Gregory Dawson)",전체학년 교환학생(대상외수강제한),
C0148,liberal,사회·정치·경제,사회·정치·경제,교선,교선,2150632802,Global Issues,,임동진,교양교육운영팀,3,3,,50,0,"화 15:00-16:15 (미래관 20406-임동진)
화 16:30-17:45 (미래관 20406-임동진)",전체학년 전체;순수외국인입학생 (대상외수강제한)(대상외수강제한),
C0149,liberal,사회·정치·경제,사회·정치·경제,교선,교선,2150632803,Global Issues,,임동진,교양교육운영팀,3,3,,50,0,"금 16:30-17:45 (미래관 20406-임동진)
금 18:00-19:15 (미래관 20406-임동진)",전체학년 전체;순수외국인입학생 (대상외수강제한)(대상외수강제한),
C0150,liberal,사회·정치·경제,사회·정치·경제,교선,교선,2150632901,Product Promotion,,Jay Fraser,교양교육운영팀,3,3,영어,29,21,월 수 10:30-11:45 (베어드홀 01103-Jay Fraser),전체학년 교환학생(대상외수강제한),
C0151,liberal,사회·정치·경제,사회·정치·경제,교선,교선,2150638301,한국교육의이슈와토론,,한윤영,학사팀,3,3,EL+,34,1,"목 15:00-16:15 (조만식기념관 12407-한윤영)
목 16:30-17:45 (조만식기념관 12407-한윤영)",순수외국인입학생 제한,교직 특성화과목
C0152,liberal,사회·정치·경제,사회·정치·경제,교선,교선,2150654101,심리학의이해,,김시현,교양교육운영팀,3,3,,4,46,"목 19:30-20:45 (조만식기념관 12208-김시현)
목 21:00-22:15 (조만식기념관 12208-김시현)",전체학년 디지털미디어(미디어경영) (대상외수강제한)(대상외수강제한),
C0153,liberal,사회·정치·경제,사회·정치·경제,교선,교선,2150654102,심리학의이해,,김시현,교양교육운영팀,3,3,,42,8,"목 15:00-16:15 (조만식기념관 12208-김시현)
목 16:30-17:45 (조만식기념관 12208-김시현)",전체학년 전체,
C0154,liberal,사회·정치·경제,사회·정치·경제,교선,교선,2150654103,심리학의이해,,박찬,교양교육운영팀,3,3,,48,2,"화 10:00-11:15 (베어드홀 01103-박찬)
화 11:30-12:45 (베어드홀 01103-박찬)",전체학년 전체,
C0155,liberal,사회·정치·경제,사회·정치·경제,교선,교선,2150654104,심리학의이해,,박찬,교양교육운영팀,3,3,,49,1,"목 10:00-11:15 (베어드홀 01103-박찬)
목 11:30-12:45 (베어드홀 01103-박찬)",전체학년 전체,
C0156,liberal,사회·정치·경제,사회·정치·경제,교선,교선,2150664001,South-North Korean Relations in Historic,,정성희,교양교육운영팀,3,3,영어,17,23,"수 15:00-16:15 (조만식기념관 12524 (안재국강의실)-정성희)
수 16:30-17:45 (조만식기념관 12524 (안재국강의실)-정성희)",전체학년 교환학생(대상외수강제한),
C0157,liberal,사회·정치·경제,사회·정치·경제,교선,교선,2150664101,"Understanding of Korea, China&Japan",,오선주,교양교육운영팀,3,3,영어,18,22,"금 15:00-16:15 (조만식기념관 12208-오선주)
금 16:30-17:45 (조만식기념관 12208-오선주)",전체학년 교환학생(대상외수강제한),
C0158,liberal,사회·정치·경제,사회·정치·경제,교선,교선,2150670501,국가와법,,강경근,법학과,3,3,,44,6,"월 15:00-16:15 (진리관 11410-강경근)
월 16:30-17:45 (진리관 11410-강경근)",전체,
C0159,liberal,사회·정치·경제,사회·정치·경제,교선,교선,2150670502,국가와법,,허창환,법학과,3,3,,44,6,"금 15:00-16:15 (백마관 07403-허창환)
금 16:30-17:45 (백마관 07403-허창환)",전체,
C0160,liberal,문화·예술,문화·예술,교선,교선,2150011701,(외국인을위한)한류와대중문화의이해,,윤선희,교양교육운영팀,3,3,,44,4,월 목 13:30-14:45 (미래관 20404-윤선희),전체학년 ;순수외국인입학생 (대상외수강제한)(대상외수강제한),
C0161,liberal,문화·예술,문화·예술,교선,교선,2150011702,(외국인을위한)한류와대중문화의이해,,최지영,교양교육운영팀,3,3,,27,23,화 금 13:30-14:45 (진리관 11522 (이효계강의실)-최지영),전체학년 ;순수외국인입학생 (대상외수강제한)(대상외수강제한),
C0162,liberal,문화·예술,문화·예술,교선,교선,2150011703,(외국인을위한)한류와대중문화의이해,,윤선희,교양교육운영팀,3,3,,47,3,화 금 13:30-14:45 (벤처중소기업센터 10512-윤선희),전체학년 ;순수외국인입학생 (대상외수강제한)(대상외수강제한),
C0163,liberal,문화·예술,문화·예술,교선,교선,2150011704,(외국인을위한)한류와대중문화의이해,,박서욱,교양교육운영팀,3,3,,34,16,"목 15:00-16:15 (진리관 11522 (이효계강의실)-박서욱)
목 16:30-17:45 (진리관 11522 (이효계강의실)-박서욱)",전체학년 ;순수외국인입학생 (대상외수강제한)(대상외수강제한),
C0164,liberal,문화·예술,문화·예술,교선,교선,2150019601,비영리문화예술복지경영,,박명숙,복지경영학과(계약학과),3,3,대면+녹화,17,0,토 13:30-14:45 (숭덕경상관 02211-박명숙),전체학년 복지경영학과(계약학과) (대상외수강제한)(대상외수강제한),
C0165,liberal,문화·예술,문화·예술,교선,교선,2150049801,"세계지도와기독교,동서문화교류",,설충수,교양교육운영팀,2,2,,59,1,"월 15:00-15:50 (진리관 11517-설충수)
월 16:00-16:50 (진리관 11517-설충수)",전체학년 전체,
C0166,liberal,문화·예술,문화·예술,교선,교선,2150081301,K-사상과역사내러티브,,오지석,숭실학술원 행정팀,3,3,,49,1,"월 12:00-13:15 (진리관 11302-오지석)
월 13:30-14:45 (진리관 11302-오지석)",전체,
C0167,liberal,문화·예술,문화·예술,교선,교선,2150081501,서사와메타모포시스,,윤영실,숭실학술원 행정팀,3,3,,45,5,"수 15:00-16:15 (진리관 11302-윤영실)
수 16:30-17:45 (진리관 11302-윤영실)",전체,
C0168,liberal,문화·예술,문화·예술,교선,교선,2150081601,새로배우는한국근대,,윤정란,숭실학술원 행정팀,3,3,EL+,27,23,"수 15:00-16:15 (숭덕경상관 02208-윤정란)
수 16:30-17:45 (숭덕경상관 02208-윤정란)",전체,
C0169,liberal,문화·예술,문화·예술,교선,교선,2150094101,유럽문학과사랑,,김고운,불어불문학과,3,3,,37,3,"화 16:30-17:45 (조만식기념관 12526 (김사풍강의실)-김고운)
목 16:30-17:45 (미래관 20205-김고운)",전체학년,
C0170,liberal,문화·예술,문화·예술,교선,교선,2150094701,East Asian Art History,,송영숙,교양교육운영팀,3,3,영어,20,20,"수 13:30-14:45 (진리관 11522 (이효계강의실)-송영숙)
수 15:00-16:15 (진리관 11522 (이효계강의실)-송영숙)",전체학년 교환학생(대상외수강제한),
C0171,liberal,문화·예술,문화·예술,교선,교선,2150106901,디자인·문화·창의성,,양혜진,평생교육학과,2,2,녹화,164,6,,전체,
C0172,liberal,문화·예술,문화·예술,교선,교선,2150107301,SF로통찰하는미래사회,,박연숙,교양교육운영팀,3,3,EL+,34,16,월 수 15:00-16:15 (진리관 11301-박연숙),전체학년 전체,
C0173,liberal,문화·예술,문화·예술,교선,교선,2150141901,캐릭터와연기,,유정숙,예술창작학부 영화예술전공,3,3,,28,2,"화 15:00-16:15 (베어드홀 01102 (한덕우강의실)-유정숙)
화 16:30-17:45 (베어드홀 01102 (한덕우강의실)-유정숙)",전체 (영화예술전공 수강제한),가 ( 수업장소: 학생회관 1층 공동연습실3 )
C0174,liberal,문화·예술,문화·예술,교선,교선,2150141902,캐릭터와연기,,허지원,예술창작학부 영화예술전공,3,3,,27,3,"금 15:00-16:15 (베어드홀 01102 (한덕우강의실)-허지원)
금 16:30-17:45 (베어드홀 01102 (한덕우강의실)-허지원)",전체 (영화예술전공 수강제한),나
C0175,liberal,문화·예술,문화·예술,교선,교선,2150143001,음악과삶의융합,,장세완,교양교육운영팀,2,2,EL+,41,9,"목 15:00-15:50 (벤처중소기업센터 10309 (이도영강의실)-장세완)
목 16:00-16:50 (벤처중소기업센터 10309 (이도영강의실)-장세완)",전체학년 전체,
C0176,liberal,문화·예술,문화·예술,교선,교선,2150143002,음악과삶의융합,,한용란,교양교육운영팀,2,2,EL+,46,4,"수 13:00-13:50 (벤처중소기업센터 10309 (이도영강의실)-한용란)
수 14:00-14:50 (벤처중소기업센터 10309 (이도영강의실)-한용란)",전체학년 전체,
C0177,liberal,문화·예술,문화·예술,교선,교선,2150152601,한중문화산책,,황해금,중어중문학과,3,3,,43,5,월 수 16:30-17:45 (조만식기념관 12327-황해금),전체,
C0178,liberal,문화·예술,문화·예술,교선,교선,2150153201,대중가요와지역문화이해,,조은식,교양교육운영팀,3,3,,23,25,"목 15:00-16:15 (조만식기념관 12201-조은식)
목 16:30-17:45 (조만식기념관 12201-조은식)",전체학년 전체,
C0179,liberal,문화·예술,문화·예술,교선,교선,2150158401,서양의건축과미술유산,,김지영,숭실학술원 행정팀,3,3,,43,7,"목 12:00-13:15 (형남공학관 05B124-김지영)
목 13:30-14:45 (형남공학관 05B124-김지영)",전체,
C0180,liberal,문화·예술,문화·예술,교선,교선,2150159301,이야기대한민국사,,윤정란,숭실학술원 행정팀,3,3,EL+,48,2,"목 12:00-13:15 (진리관 11302-윤정란)
목 13:30-14:45 (진리관 11302-윤정란)",전체,
C0181,liberal,문화·예술,문화·예술,교선,교선,2150178301,크루스포츠,,노석희,스포츠학부,1,2,,25,5,"월 15:00-15:50 (백마관 07316-노석희)
월 16:00-16:50 (백마관 07316-노석희)",스포츠학부 제외,피지컬SSU
C0182,liberal,문화·예술,문화·예술,교선,교선,2150178302,크루스포츠,,연분홍,스포츠학부,1,2,,30,0,"화 15:00-15:50 (백마관 07316-연분홍)
화 16:00-16:50 (백마관 07316-연분홍)",스포츠학부 제외,클라이밍
C0183,liberal,문화·예술,문화·예술,교선,교선,2150178303,크루스포츠,,김주원,스포츠학부,1,2,,27,3,"화 15:00-15:50 (미래관 20503-김주원)
화 16:00-16:50 (미래관 20503-김주원)",스포츠학부 제외,밸런스트레이닝
C0184,liberal,문화·예술,문화·예술,교선,교선,2150178304,크루스포츠,,김윤희,스포츠학부,1,2,,23,7,"수 15:00-15:50 (미래관 20304-김윤희)
수 16:00-16:50 (미래관 20304-김윤희)",스포츠학부 제외,러닝
C0185,liberal,문화·예술,문화·예술,교선,교선,2150178901,현대중-동유럽의픽션과영상,,김지영,숭실학술원 행정팀,3,3,,43,7,"수 12:00-13:15 (진리관 11302-김지영)
수 13:30-14:45 (진리관 11302-김지영)",전체,
C0186,liberal,문화·예술,문화·예술,교선,교선,2150179601,K-문화인문학,,윤영실,숭실학술원 행정팀,3,3,,46,4,"화 15:00-16:15 (진리관 11302-윤영실)
화 16:30-17:45 (진리관 11302-윤영실)",전체,
C0187,liberal,문화·예술,문화·예술,교선,교선,2150180601,건축을통해본도시와인간(숭실사이버대),,,학사팀,3,3,녹화,193,7,,전체,"대면 기말고사, 26.6.16.(화) 19:00-19:50(진리관 402, 403, 404, 410) / 본교생만 수강가능(국내대학 학점교류생 수강불가)"
C0188,liberal,문화·예술,문화·예술,교선,교선,2150300401,기독교와타종교,,설충수,기독교학과,2,2,,47,3,"화 15:00-15:50 (진리관 11303-설충수)
화 16:00-16:50 (진리관 11303-설충수)",전체학년 (기독교 제외),
C0189,liberal,문화·예술,문화·예술,교선,교선,2150306001,공연예술의이해,,백로라,예술창작학부 문예창작전공,3,3,,49,1,"월 15:00-16:15 (백마관 07403-백로라)
수 15:00-16:15 (베어드홀 01103-백로라)",전체,
C0190,liberal,문화·예술,문화·예술,교선,교선,2150306002,공연예술의이해,,백로라,예술창작학부 문예창작전공,3,3,,49,1,"월 16:30-17:45 (백마관 07403-백로라)
수 16:30-17:45 (베어드홀 01103-백로라)",전체,
C0191,liberal,문화·예술,문화·예술,교선,교선,2150307001,한국의문화유산,,이후석,사학과,3,3,,32,18,"금 15:00-16:15 (조만식기념관 12326 (조해자강의실)-이후석)
금 16:30-17:45 (조만식기념관 12326 (조해자강의실)-이후석)",전체,
C0192,liberal,문화·예술,문화·예술,교선,교선,2150332301,문학사상기행,,윤영실,국어국문학과,3,3,,42,8,"월 15:00-16:15 (미래관 20203-윤영실)
월 16:30-17:45 (미래관 20203-윤영실)",전체학년,
C0193,liberal,문화·예술,문화·예술,교선,교선,2150332302,문학사상기행,,이다온,국어국문학과,3,3,,43,7,"수 15:00-16:15 (문화관 03105-이다온)
수 16:30-17:45 (문화관 03105-이다온)",전체학년,
C0194,liberal,문화·예술,문화·예술,교선,교선,2150343001,글로벌안보와러시아,,김지영,정치외교학과,3,3,,32,18,"화 15:00-16:15 (벤처중소기업센터 10512-김지영)
화 16:30-17:45 (벤처중소기업센터 10512-김지영)",전체,
C0195,liberal,문화·예술,문화·예술,교선,교선,2150382001,동아시아의역사와문화,,이유진,사학과,3,3,,58,2,"수 15:00-16:15 (진리관 11516-이유진)
수 16:30-17:45 (진리관 11516-이유진)",전체,
C0196,liberal,문화·예술,문화·예술,교선,교선,2150382002,동아시아의역사와문화,,이서현,사학과,3,3,,38,12,"목 15:00-16:15 (조만식기념관 12326 (조해자강의실)-이서현)
목 16:30-17:45 (조만식기념관 12326 (조해자강의실)-이서현)",전체,
C0197,liberal,문화·예술,문화·예술,교선,교선,2150382101,유럽의역사와문화,,양승조,사학과,3,3,,57,3,"화 15:00-16:15 (조만식기념관 12326 (조해자강의실)-양승조)
화 16:30-17:45 (조만식기념관 12326 (조해자강의실)-양승조)",전체,
C0198,liberal,문화·예술,문화·예술,교선,교선,2150384901,성의담론과이해,,송상덕,국어국문학과,2,2,,43,7,"화 15:00-15:50 (미래관 20201-송상덕)
화 16:00-16:50 (미래관 20201-송상덕)",전체학년,
C0199,liberal,문화·예술,문화·예술,교선,교선,2150384902,성의담론과이해,,유서현,국어국문학과,2,2,,41,9,"목 15:00-15:50 (백마관 07117-유서현)
목 16:00-16:50 (백마관 07117-유서현)",전체학년,
C0200,liberal,문화·예술,문화·예술,교선,교선,2150385201,프랑스의이해,,김유정,불어불문학과,2,2,,40,0,"수 15:00-15:50 (조만식기념관 12408 (림인식강의실)-김유정)
수 16:00-16:50 (조만식기념관 12408 (림인식강의실)-김유정)",전체학년,
C0201,liberal,문화·예술,문화·예술,교선,교선,2150520301,한국현대문학과영상,,이찬희,국어국문학과,3,3,,41,9,"월 15:00-16:15 (백마관 07318-이찬희)
수 15:00-16:15 (전산관 19531(70인 강의실)-이찬희)",전체학년,
C0202,liberal,문화·예술,문화·예술,교선,교선,2150520401,서양미술의이해,,안소연,예술창작학부 문예창작전공,3,3,,46,4,"월 15:00-16:15 (조만식기념관 12326 (조해자강의실)-안소연)
월 16:30-17:45 (조만식기념관 12326 (조해자강의실)-안소연)",전체,
C0203,liberal,문화·예술,문화·예술,교선,교선,2150520501,필름과영미문학,,송윤,영어영문학과,3,3,,27,21,"수 15:00-16:15 (조만식기념관 12202-송윤)
금 15:00-16:15 (조만식기념관 12404-송윤)",전체,
C0204,liberal,문화·예술,문화·예술,교선,교선,2150522201,현대의철학적문제들,,김대식,철학과,3,3,,41,7,"월 15:00-16:15 (문화관 03106-김대식)
수 15:00-16:15 (미래관 20405-김대식)",전체,
C0205,liberal,문화·예술,문화·예술,교선,교선,2150522202,현대의철학적문제들,,김성하,철학과,3,3,,38,2,"화 12:00-13:15 (미래관 20502-김성하)
화 13:30-14:45 (미래관 20502-김성하)",전체,
C0206,liberal,문화·예술,문화·예술,교선,교선,2150527001,독일어권의사회와문화,,김연정,독어독문학과,2,2,,46,2,"화 15:00-15:50 (미래관 20206-김연정)
화 16:00-16:50 (미래관 20206-김연정)",전체,
C0207,liberal,문화·예술,문화·예술,교선,교선,2150527002,독일어권의사회와문화,,이민수,독어독문학과,2,2,,46,2,"월 15:00-15:50 (미래관 20206-이민수)
월 16:00-16:50 (미래관 20206-이민수)",전체,
C0208,liberal,문화·예술,문화·예술,교선,교선,2150605101,숭실과기독교,,김명배,기독교학과,3,3,,49,1,"월 15:00-16:15 (진리관 11303-김명배)
월 16:30-17:45 (진리관 11303-김명배)",전체학년,
C0209,liberal,문화·예술,문화·예술,교선,교선,2150605201,그리스로마신화,,윤대열,철학과,3,3,,49,1,"수 15:00-16:15 (진리관 11403-윤대열)
수 16:30-17:45 (진리관 11403-윤대열)",전체,
C0210,liberal,문화·예술,문화·예술,교선,교선,2150605202,그리스로마신화,,윤대열,철학과,3,3,,48,2,"화 15:00-16:15 (교육관 06203-윤대열)
화 16:30-17:45 (교육관 06203-윤대열)",전체,
C0211,liberal,문화·예술,문화·예술,교선,교선,2150605203,그리스로마신화,,안상욱,철학과,3,3,,47,3,"금 15:00-16:15 (진리관 11403-안상욱)
금 16:30-17:45 (진리관 11403-안상욱)",전체,
C0212,liberal,문화·예술,문화·예술,교선,교선,2150626101,인문학과의만남,,오상현,교양교육운영팀,3,3,,46,4,"월 13:30-14:45 (미래관 20202-오상현)
월 15:00-16:15 (미래관 20202-오상현)",전체학년 ;순수외국인입학생 (대상외수강제한)(대상외수강제한),
C0213,liberal,문화·예술,문화·예술,교선,교선,2150626102,인문학과의만남,,오상현,교양교육운영팀,3,3,,33,17,"월 16:30-17:45 (미래관 20202-오상현)
월 18:00-19:15 (미래관 20202-오상현)",전체학년 ;순수외국인입학생 (대상외수강제한)(대상외수강제한),
C0214,liberal,문화·예술,문화·예술,교선,교선,2150626103,인문학과의만남,,김시천,교양교육운영팀,3,3,EL+,49,1,"목 15:00-16:15 (진리관 11517-김시천)
목 16:30-17:45 (진리관 11517-김시천)",전체학년 전체,
C0215,liberal,문화·예술,문화·예술,교선,교선,2150630401,East Asian Culture,,이은하,교양교육운영팀,3,3,영어,13,27,수 금 13:30-14:45 (미래관 20B102-이은하),전체학년 교환학생(대상외수강제한),
C0216,liberal,문화·예술,문화·예술,교선,교선,2150630402,East Asian Culture,,임동진,교양교육운영팀,3,3,,50,0,"화 12:00-13:15 (미래관 20406-임동진)
화 13:30-14:45 (미래관 20406-임동진)",전체학년 전체;순수외국인입학생 (대상외수강제한)(대상외수강제한),
C0217,liberal,문화·예술,문화·예술,교선,교선,2150631701,서양음악의이해,,왕광열,예술창작학부 문예창작전공,3,3,,47,3,"목 13:30-14:45 (정보과학관 21102-왕광열)
목 15:00-16:15 (정보과학관 21102-왕광열)",전체,
C0218,liberal,문화·예술,문화·예술,교선,교선,2150638401,한류와아시아문화교류,,김재준,교양교육운영팀,3,3,영어,12,28,"금 15:00-16:15 (진리관 11402-김재준)
금 16:30-17:45 (진리관 11402-김재준)",전체학년 교환학생(대상외수강제한),
C0219,liberal,문화·예술,문화·예술,교선,교선,2150638402,한류와아시아문화교류,,이윤진,교양교육운영팀,3,3,,43,7,"목 15:00-16:15 (전산관 19327-이윤진)
목 16:30-17:45 (전산관 19327-이윤진)",전체학년 ;순수외국인입학생 (대상외수강제한)(대상외수강제한),
C0220,liberal,문화·예술,문화·예술,교선,교선,2150638403,한류와아시아문화교류,,이윤진,교양교육운영팀,3,3,EL+,46,4,"수 15:00-16:15 (백마관 07317-이윤진)
수 16:30-17:45 (백마관 07317-이윤진)",전체학년 전체,
C0221,liberal,문화·예술,문화·예술,교선,교선,2150653001,일본영상예술과문학,,권도영,일어일문학과,3,3,,46,4,"월 15:00-16:15 (교육관 06202-권도영)
월 16:30-17:45 (교육관 06202-권도영)",전체,
C0222,liberal,문화·예술,문화·예술,교선,교선,2150653002,일본영상예술과문학,,권도영,일어일문학과,3,3,,50,0,"수 15:00-16:15 (교육관 06202-권도영)
수 16:30-17:45 (교육관 06202-권도영)",전체,
C0223,liberal,문화·예술,문화·예술,교선,교선,2150653101,오페라로사회사읽기,,박이연,교양교육운영팀,3,3,,43,12,"목 15:00-16:15 (안익태기념관 04405-박이연)
목 16:30-17:45 (안익태기념관 04405-박이연)",전체학년 전체,
C0224,liberal,문화·예술,문화·예술,교선,교선,2150664203,합창과공동체인성,,한용란,교양교육운영팀,2,2,EL+,48,2,"목 13:00-13:50 (벤처중소기업센터 10309 (이도영강의실)-한용란)
목 14:00-14:50 (벤처중소기업센터 10309 (이도영강의실)-한용란)",전체학년 전체,
C0225,liberal,문화·예술,문화·예술,교선,교선,2150664204,합창과공동체인성,,한용란,교양교육운영팀,2,2,EL+,48,2,"월 15:00-15:50 (벤처중소기업센터 10309 (이도영강의실)-한용란)
월 16:00-16:50 (벤처중소기업센터 10309 (이도영강의실)-한용란)",전체학년 전체,
C0226,liberal,문화·예술,문화·예술,교선,교선,2150667801,공연예술의이해,,박명숙,혁신경영학과(계약학과),3,3,대면+녹화,7,23,토 15:00-16:15 (숭덕경상관 02111-박명숙),전체학년 혁신경영학과(계약학과) (대상외수강제한)(대상외수강제한),
C0227,liberal,문화·예술,문화·예술,교선,교선,2150915501,영화 Shot by Shot,,변재민,예술창작학부 영화예술전공,3,3,,47,3,"수 15:00-16:15 (베어드홀 01102 (한덕우강의실)-변재민)
수 16:30-17:45 (베어드홀 01102 (한덕우강의실)-변재민)",전체,가
C0228,liberal,문화·예술,문화·예술,교선,교선,2150915502,영화 Shot by Shot,,허재원,예술창작학부 영화예술전공,3,3,,44,6,"월 15:00-16:15 (베어드홀 01102 (한덕우강의실)-허재원)
월 16:30-17:45 (베어드홀 01102 (한덕우강의실)-허재원)",전체,나
C0229,liberal,인간·언어,인간·언어,교선,교선,2150011801,(외국인을위한)한국어학의이해,,박정순,교양교육운영팀,3,3,,49,1,월 목 15:00-16:15 (정보과학관 21601-박정순),전체학년 ;순수외국인입학생 (대상외수강제한)(대상외수강제한),
C0230,liberal,인간·언어,인간·언어,교선,교선,2150011802,(외국인을위한)한국어학의이해,,박정순,교양교육운영팀,3,3,,50,0,수 금 12:00-13:15 (미래관 20406-박정순),전체학년 ;순수외국인입학생 (대상외수강제한)(대상외수강제한),
C0231,liberal,인간·언어,인간·언어,교선,교선,2150011803,(외국인을위한)한국어학의이해,,조성해,교양교육운영팀,3,3,,33,15,화 목 15:00-16:15 (진리관 11306-조성해),전체학년 ;순수외국인입학생 (대상외수강제한)(대상외수강제한),
C0232,liberal,인간·언어,인간·언어,교선,교선,2150011901,(외국인을위한)디지털시대의글쓰기,,최동일,교양교육운영팀,3,3,,34,2,월 목 13:30-14:45 (미래관 20108-최동일),전체학년 ;순수외국인입학생 (대상외수강제한)(대상외수강제한),
C0233,liberal,인간·언어,인간·언어,교선,교선,2150011902,(외국인을위한)디지털시대의글쓰기,,최선영,교양교육운영팀,3,3,,37,13,월 수 13:30-14:45 (문화관 03506-최선영),전체학년 ;순수외국인입학생 (대상외수강제한)(대상외수강제한),
C0234,liberal,인간·언어,인간·언어,교선,교선,2150045901,시민교양을위한정치철학:한나아렌트,,김선욱,교양교육운영팀,3,3,녹화,127,3,,전체학년 전체,(대면 기말고사) 6월 17일 (수) 오후 6시~8시
C0235,liberal,인간·언어,인간·언어,교선,교선,2150049501,철학으로만나는기독교,,성신형,교양교육운영팀,2,2,,58,2,"수 15:00-15:50 (조만식기념관 12210-성신형)
수 16:00-16:50 (조만식기념관 12210-성신형)",전체학년 ;순수외국인입학생 (대상외수강제한)(대상외수강제한),
C0236,liberal,인간·언어,인간·언어,교선,교선,2150049502,철학으로만나는기독교,,성신형,교양교육운영팀,2,2,EL+,60,0,"목 15:00-15:50 (미래관 20202-성신형)
목 16:00-16:50 (미래관 20202-성신형)",전체학년 전체,
C0237,liberal,인간·언어,인간·언어,교선,교선,2150049503,철학으로만나는기독교,,성신형,교양교육운영팀,2,2,EL+,59,1,"수 13:00-13:50 (미래관 20202-성신형)
수 14:00-14:50 (미래관 20202-성신형)",전체학년 전체,
C0238,liberal,인간·언어,인간·언어,교선,교선,2150051101,인문고전으로서의성서읽기-구약편,,김회권,기독교학과,2,2,녹화,188,2,,국내대학 학점교류생 제외,학점교류생 수강제한
C0239,liberal,인간·언어,인간·언어,교선,교선,2150060501,(외국인을위한)학술적글쓰기,,이유경,교양교육운영팀,3,3,,48,2,화 목 12:00-13:15 (진리관 11522 (이효계강의실)-이유경),"2학년 ;순수외국인입학생
3학년 ;순수외국인입학생
4학년 ;순수외국인입학생
5학년 ;순수외국인입학생 (대상외수강제한)(대상외수강제한)",1학년 수강제한
C0240,liberal,인간·언어,인간·언어,교선,교선,2150106201,동양철학스케치,,선병삼,철학과,3,3,,45,3,"목 15:00-16:15 (조만식기념관 12202-선병삼)
목 16:30-17:45 (조만식기념관 12202-선병삼)",전체(철학과제외),철학과 제외
C0241,liberal,인간·언어,인간·언어,교선,교선,2150138701,동양철학고전의이해,,김시천,철학과,3,3,EL+,47,3,"월 15:00-16:15 (교육관 06203-김시천)
월 16:30-17:45 (교육관 06203-김시천)",전체,
C0242,liberal,인간·언어,인간·언어,교선,교선,2150141501,AI와윤리,,김광연,철학과,3,3,EL+,50,0,"화 15:00-16:15 (진리관 11516-김광연)
목 15:00-16:15 (백마관 07403-김광연)",전체,
C0243,liberal,인간·언어,인간·언어,교선,교선,2150143501,AI미래사회와인문학,,이국배,숭실학술원 행정팀,2,2,EL+,43,7,"금 12:00-12:50 (진리관 11302-이국배)
금 13:00-13:50 (진리관 11302-이국배)",전체,
C0244,liberal,인간·언어,인간·언어,교선,교선,2150152501,디지털인문학,,유서현,국어국문학과,3,3,,34,16,"수 15:00-16:15 (미래관 20201-유서현)
수 16:30-17:45 (미래관 20201-유서현)",전체학년,
C0245,liberal,인간·언어,인간·언어,교선,교선,2150152502,디지털인문학,,권도영,국어국문학과,3,3,,46,4,"목 15:00-16:15 (조만식기념관 12327-권도영)
목 16:30-17:45 (조만식기념관 12327-권도영)",전체학년,
C0246,liberal,인간·언어,인간·언어,교선,교선,2150152801,디지털리터러시,,정지영,철학과,3,3,EL+,47,3,"화 13:30-14:45 (문화관 03312-정지영)
화 15:00-16:15 (문화관 03312-정지영)",전체,
C0247,liberal,인간·언어,인간·언어,교선,교선,2150153601,행복한가족을만드는관계기술,,문정화,학사팀,3,3,녹화,254,6,,전체,"대면 기말고사, 6.12(금) 19:00-19:50 조만식기념관 311, 312, 330호"
C0248,liberal,인간·언어,인간·언어,교선,교선,2150157401,이야기한국철학,,선병삼,학사팀,3,3,녹화,253,7,,전체,"대면 기말고사, 6.17(수) 19:00-19:50 조만식기념관 311, 312, 330호"
C0249,liberal,인간·언어,인간·언어,교선,교선,2150158901,한국학산책,,오지석,숭실학술원 행정팀,3,3,EL+,48,2,"화 12:00-13:15 (진리관 11302-오지석)
화 13:30-14:45 (진리관 11302-오지석)",전체,
C0250,liberal,인간·언어,인간·언어,교선,교선,2150180501,현대문학의이해(숭실사이버대),,,학사팀,3,3,녹화,193,7,,전체,"대면기말고사 26.6.16.(화) 19:00-19:50(진리관 302, 303, 304, 307)"
C0251,liberal,인간·언어,인간·언어,교선,교선,2150305701,현대시의이해,,김호성,국어국문학과,3,3,,43,7,"월 15:00-16:15 (문화관 03208-김호성)
월 16:30-17:45 (문화관 03208-김호성)",전체학년,국문 제외
C0252,liberal,인간·언어,인간·언어,교선,교선,2150305702,현대시의이해,,안리경,국어국문학과,3,3,,44,6,"수 15:00-16:15 (문화관 03308-안리경)
수 16:30-17:45 (문화관 03308-안리경)",전체학년,국문 제외
C0253,liberal,인간·언어,인간·언어,교선,교선,2150308401,신앙과이성,,엄국화,철학과,2,2,,48,2,"화 16:30-17:20 (진리관 11403-엄국화)
화 17:30-18:20 (진리관 11403-엄국화)",전체,
C0254,liberal,인간·언어,인간·언어,교선,교선,2150381001,중국어기초,,윤민희,중어중문학과,3,3,,22,8,"화 15:00-16:15 (진리관 11403-윤민희)
목 15:00-16:15 (진리관 11307-윤민희)","전체(중문 제외),(중국국적학생 제외)",
C0255,liberal,인간·언어,인간·언어,교선,교선,2150441601,논리학,,이양수,철학과,3,3,,42,6,"목 15:00-16:15 (미래관 20308-이양수)
목 16:30-17:45 (미래관 20308-이양수)",전체,
C0256,liberal,인간·언어,인간·언어,교선,교선,2150479101,스피치와컨텐츠,,이세나,예술창작학부 문예창작전공,2,2,,37,13,"금 17:00-17:50 (정보과학관 21102-이세나)
금 18:00-18:50 (정보과학관 21102-이세나)",전체,
C0257,liberal,인간·언어,인간·언어,교선,교선,2150485801,일본어회화기초,,"Kawaguchi Keiko
아베유카리",일어일문학과,3,3,EL+,30,0,"화 15:00-16:15 (진리관 11304-Kawaguchi Keiko)
금 15:00-16:15 (진리관 11304-Kawaguchi Keiko)
화 15:00-16:15 (진리관 11304-아베유카리)
금 15:00-16:15 (진리관 11304-아베유카리)
화 15:00-16:15 (진리관 11304-Kawaguchi Keiko)
금 15:00-16:15 (진리관 11304-Kawaguchi Keiko)",전체(일어일문 제외),
C0258,liberal,인간·언어,인간·언어,교선,교선,2150485802,일본어회화기초,,"Kawaguchi Keiko
아베유카리",일어일문학과,3,3,EL+,28,2,"화 16:30-17:45 (진리관 11304-Kawaguchi Keiko)
금 16:30-17:45 (진리관 11304-Kawaguchi Keiko)
화 16:30-17:45 (진리관 11304-아베유카리)
금 16:30-17:45 (진리관 11304-아베유카리)
화 16:30-17:45 (진리관 11304-Kawaguchi Keiko)
금 16:30-17:45 (진리관 11304-Kawaguchi Keiko)",전체(일어일문 제외),
C0259,liberal,인간·언어,인간·언어,교선,교선,2150485803,일본어회화기초,,아베유카리,일어일문학과,3,3,,30,0,"월 15:00-16:15 (조만식기념관 12203-아베유카리)
수 15:00-16:15 (조만식기념관 12203-아베유카리)",전체(일어일문 제외),
C0260,liberal,인간·언어,인간·언어,교선,교선,2150519101,English Communication in Business Contex,,이가영,교양교육운영팀,3,3,"영어
EL+",48,2,"화 15:00-16:15 (진리관 11301-이가영)
화 16:30-17:45 (진리관 11301-이가영)",전체학년 전체,
C0261,liberal,인간·언어,인간·언어,교선,교선,2150519201,일본어입문,,이정옥,일어일문학과,3,3,,45,3,"월 16:30-17:45 (미래관 20205-이정옥)
수 16:30-17:45 (미래관 20205-이정옥)",전체(일어일문 제외),
C0262,liberal,인간·언어,인간·언어,교선,교선,2150519202,일본어입문,,안지홍,일어일문학과,3,3,,47,3,"월 15:00-16:15 (진리관 11304-안지홍)
수 15:00-16:15 (진리관 11304-안지홍)",전체(일어일문 제외),
C0263,liberal,인간·언어,인간·언어,교선,교선,2150519203,일본어입문,,안지홍,일어일문학과,3,3,,49,1,"월 16:30-17:45 (진리관 11304-안지홍)
수 16:30-17:45 (진리관 11304-안지홍)",전체(일어일문 제외),
C0264,liberal,인간·언어,인간·언어,교선,교선,2150519204,일본어입문,,이희승,일어일문학과,3,3,,47,3,"화 16:30-17:45 (진리관 11516-이희승)
목 16:30-17:45 (진리관 11304-이희승)",전체(일어일문 제외),
C0265,liberal,인간·언어,인간·언어,교선,교선,2150519205,일본어입문,,김수진,일어일문학과,3,3,,47,3,"화 15:00-16:15 (교육관 06202-김수진)
금 15:00-16:15 (교육관 06202-김수진)",전체(일어일문 제외),
C0266,liberal,인간·언어,인간·언어,교선,교선,2150519501,기초프랑스어,,김기일,불어불문학과,3,3,,40,0,월 수 15:00-16:15 (조만식기념관 12113 (장애학생강의실)-김기일),전체(불문제외),불문제외
C0267,liberal,인간·언어,인간·언어,교선,교선,2150519502,기초프랑스어,,김기일,불어불문학과,3,3,,36,4,월 수 16:30-17:45 (미래관 20301-김기일),전체(불문제외),불문제외
C0268,liberal,인간·언어,인간·언어,교선,교선,2150519601,영문법의기초,,김은수,영어영문학과,3,3,,34,16,"월 15:00-16:15 (미래관 20204 (윤동주강의실)-김은수)
화 15:00-16:15 (조만식기념관 12327-김은수)",전체,
C0269,liberal,인간·언어,인간·언어,교선,교선,2150520101,중국어입문,,윤애경,중어중문학과,3,3,,27,3,"화 15:00-16:15 (조만식기념관 12408 (림인식강의실)-윤애경)
목 15:00-16:15 (진리관 11407-윤애경)","전체(중문 제외),(중국국적학생 제외)",
C0270,liberal,인간·언어,인간·언어,교선,교선,2150520102,중국어입문,,방준호,중어중문학과,3,3,,26,4,화 금 15:00-16:15 (진리관 11307-방준호),"전체(중문 제외),(중국국적학생 제외)",
C0271,liberal,인간·언어,인간·언어,교선,교선,2150520103,중국어입문,,심지희,중어중문학과,3,3,,28,2,월 수 15:00-16:15 (미래관 20205-심지희),"전체(중문 제외),(중국국적학생 제외)",
C0272,liberal,인간·언어,인간·언어,교선,교선,2150520201,독일어입문,,권선형,독어독문학과,3,3,,39,11,"화 16:30-17:45 (미래관 20203-권선형)
목 16:30-17:45 (미래관 20203-권선형)",전체(독문 제외),
C0273,liberal,인간·언어,인간·언어,교선,교선,2150520202,독일어입문,,권선형,독어독문학과,3,3,,38,2,"화 15:00-16:15 (미래관 20301-권선형)
목 15:00-16:15 (미래관 20303-권선형)",전체(독문 제외),
C0274,liberal,인간·언어,인간·언어,교선,교선,2150521901,기초한문,,최상근,국어국문학과,3,3,,47,3,"목 15:00-16:15 (문화관 03208-최상근)
목 16:30-17:45 (문화관 03208-최상근)",전체학년,
C0275,liberal,인간·언어,인간·언어,교선,교선,2150521902,기초한문,,최상근,국어국문학과,3,3,,43,7,"화 15:00-16:15 (조만식기념관 12312-최상근)
화 16:30-17:45 (조만식기념관 12312-최상근)",전체학년,
C0276,liberal,인간·언어,인간·언어,교선,교선,2150521903,기초한문,,양훈식,국어국문학과,3,3,,44,6,"월 15:00-16:15 (조만식기념관 12312-양훈식)
월 16:30-17:45 (조만식기념관 12312-양훈식)",전체학년,
C0277,liberal,인간·언어,인간·언어,교선,교선,2150522102,English Speaking and Listening,,Gregory Dawson,교양교육운영팀,3,3,"영어
EL+",45,0,"수 15:00-16:15 (진리관 11305-Gregory Dawson)
수 16:30-17:45 (진리관 11305-Gregory Dawson)",전체학년 전체,
C0278,liberal,인간·언어,인간·언어,교선,교선,2150522103,English Speaking and Listening,,Gregory Dawson,교양교육운영팀,3,3,"영어
EL+",43,2,"목 15:00-16:15 (진리관 11305-Gregory Dawson)
목 16:30-17:45 (진리관 11305-Gregory Dawson)",전체학년 전체,
C0279,liberal,인간·언어,인간·언어,교선,교선,2150531901,영상영어,,김소연,영어영문학과,3,3,,44,4,월 수 16:30-17:45 (조만식기념관 12202-김소연),전체,
C0280,liberal,인간·언어,인간·언어,교선,교선,2150532001,영어읽기의기초,,김소연,영어영문학과,3,3,,43,7,"월 15:00-16:15 (조만식기념관 12327-김소연)
수 15:00-16:15 (조만식기념관 12327-김소연)",전체,
C0281,liberal,인간·언어,인간·언어,교선,교선,2150532201,독일어회화입문,,윤진희,독어독문학과,3,3,,27,3,화 목 13:30-14:45 (진리관 11305-윤진희),전체(독문 제외),
C0282,liberal,인간·언어,인간·언어,교선,교선,2150532301,생활프랑스어,,지영호,불어불문학과,3,3,,25,5,"월 15:00-16:15 (조만식기념관 12210-지영호)
목 16:30-17:45 (미래관 20403-지영호)",전체(불문제외),불문제외
C0283,liberal,인간·언어,인간·언어,교선,교선,2150553801,기초러시아어,,장혜진,교양교육운영팀,3,3,,44,4,"화 15:00-16:15 (진리관 11402-장혜진)
화 16:30-17:45 (진리관 11402-장혜진)",전체학년 전체,
C0284,liberal,인간·언어,인간·언어,교선,교선,2150553802,기초러시아어,,장혜진,교양교육운영팀,3,3,,48,2,"수 15:00-16:15 (안익태기념관 04405-장혜진)
수 16:30-17:45 (안익태기념관 04405-장혜진)",전체학년 전체,
C0285,liberal,인간·언어,인간·언어,교선,교선,2150553901,기초스페인어,,김선이,교양교육운영팀,3,3,,42,8,"금 16:30-17:45 (미래관 20202-김선이)
금 18:00-19:15 (미래관 20202-김선이)",전체학년 전체,
C0286,liberal,인간·언어,인간·언어,교선,교선,2150553902,기초스페인어,,정선옥,교양교육운영팀,3,3,EL+,48,2,"수 15:00-16:15 (조만식기념관 12208-정선옥)
수 16:30-17:45 (조만식기념관 12208-정선옥)",전체학년 전체,
C0287,liberal,인간·언어,인간·언어,교선,교선,2150553903,기초스페인어,,정선옥,교양교육운영팀,3,3,EL+,48,2,"금 15:00-16:15 (진리관 11302-정선옥)
금 16:30-17:45 (진리관 11302-정선옥)",전체학년 전체,
C0288,liberal,인간·언어,인간·언어,교선,교선,2150605401,토론과커뮤니케이션,,박삼열,교양교육운영팀,3,3,EL+,43,7,"수 15:00-16:15 (조만식기념관 12328-박삼열)
수 16:30-17:45 (조만식기념관 12328-박삼열)",전체학년 전체,
C0289,liberal,인간·언어,인간·언어,교선,교선,2150605402,토론과커뮤니케이션,,문영식,교양교육운영팀,3,3,EL+,50,2,"월 15:00-16:15 (백마관 07116-문영식)
월 16:30-17:45 (백마관 07116-문영식)",전체학년 전체,
C0290,liberal,인간·언어,인간·언어,교선,교선,2150605403,토론과커뮤니케이션,,문영식,교양교육운영팀,3,3,EL+,55,0,"화 15:00-16:15 (백마관 07218-문영식)
화 16:30-17:45 (백마관 07218-문영식)",전체학년 전체,
C0291,liberal,인간·언어,인간·언어,교선,교선,2150605404,토론과커뮤니케이션,,문영식,교양교육운영팀,3,3,EL+,52,0,"금 15:00-16:15 (백마관 07218-문영식)
금 16:30-17:45 (백마관 07218-문영식)",전체학년 전체,
C0292,liberal,인간·언어,인간·언어,교선,교선,2150622301,외국인을위한한국어1,,정경화,교양교육운영팀,3,3,,20,0,"월 15:00-16:15 (미래관 20108-정경화)
월 16:30-17:45 (미래관 20108-정경화)",전체학년 교환학생(대상외수강제한),
C0293,liberal,인간·언어,인간·언어,교선,교선,2150622302,외국인을위한한국어1,,정회란,교양교육운영팀,3,3,,8,0,"월 15:00-16:15 (진리관 11306-정회란)
월 16:30-17:45 (진리관 11306-정회란)",전체학년 교환학생(대상외수강제한),
C0294,liberal,인간·언어,인간·언어,교선,교선,2150622303,외국인을위한한국어1,,신현미,교양교육운영팀,3,3,,10,0,"월 15:00-16:15 (미래관 20109-신현미)
월 16:30-17:45 (미래관 20109-신현미)",전체학년 교환학생(대상외수강제한),
C0295,liberal,인간·언어,인간·언어,교선,교선,2150622401,외국인을위한한국어2,,신희랑,교양교육운영팀,3,3,,9,0,"금 15:00-16:15 (진리관 11404-신희랑)
금 16:30-17:45 (진리관 11404-신희랑)",전체학년 교환학생(대상외수강제한),
C0296,liberal,인간·언어,인간·언어,교선,교선,2150629701,중급스페인어,,정선옥,교양교육운영팀,3,3,EL+,39,9,"목 15:00-16:15 (진리관 11309-정선옥)
목 16:30-17:45 (진리관 11309-정선옥)",전체학년 전체,
C0297,liberal,인간·언어,인간·언어,교선,교선,2150631301,초급중국어회화,,황해금,중어중문학과,3,3,,23,7,월 수 15:00-16:15 (진리관 11307-황해금),"전체(중문 제외),(중국국적학생 제외)",
C0298,liberal,인간·언어,인간·언어,교선,교선,2150632101,추리와논증,,이상명,교양교육운영팀,3,3,,28,20,월 수 15:00-16:15 (미래관 20404-이상명),전체학년 전체,
C0299,liberal,인간·언어,인간·언어,교선,교선,2150637701,Academic English Listening & Reading,,오선주,교양교육운영팀,3,3,,44,4,"화 15:00-16:15 (진리관 11305-오선주)
화 16:30-17:45 (진리관 11305-오선주)",전체학년 전체(영어영문학과제외),
C0300,liberal,인간·언어,인간·언어,교선,교선,2150637702,Academic English Listening & Reading,,JosiahHunt,교양교육운영팀,3,3,EL+,45,3,"수 15:00-16:15 (진리관 11306-JosiahHunt)
수 16:30-17:45 (진리관 11306-JosiahHunt)",전체학년 전체(영어영문학과제외),
C0301,liberal,인간·언어,인간·언어,교선,교선,2150638001,사회과학글쓰기,,한래희,교양교육운영팀,3,3,EL+,31,17,월 수 16:30-17:45 (미래관 20404-한래희),전체학년 전체,
C0302,liberal,인간·언어,인간·언어,교선,교선,2150654001,에로스와타나토스,,유현상,철학과,3,3,,50,0,"월 15:00-16:15 (정보과학관 21102-유현상)
월 16:30-17:45 (정보과학관 21102-유현상)",전체,
C0303,liberal,인간·언어,인간·언어,교선,교선,2150654002,에로스와타나토스,,안상욱,철학과,3,3,,48,2,"화 15:00-16:15 (미래관 20303-안상욱)
화 16:30-17:45 (미래관 20303-안상욱)",전체,
C0304,liberal,인간·언어,인간·언어,교선,교선,2150654003,에로스와타나토스,,정준영,철학과,3,3,,50,0,"수 10:30-11:45 (백마관 07317-정준영)
수 12:00-13:15 (백마관 07317-정준영)",전체,
C0305,liberal,인간·언어,인간·언어,교선,교선,2150654901,독서토론세미나,,손민달,교양교육운영팀,3,3,EL+,47,1,화 목 15:00-16:15 (미래관 20404-손민달),전체학년 전체,
C0306,liberal,인간·언어,인간·언어,교선,교선,2150654902,독서토론세미나,,박소영,교양교육운영팀,3,3,EL+,50,0,월 수 15:00-16:15 (미래관 20403-박소영),전체학년 전체,
C0307,liberal,인간·언어,인간·언어,교선,교선,2150654903,독서토론세미나,,박수경,교양교육운영팀,3,3,,36,4,"목 12:00-13:15 (조만식기념관 12203-박수경)
목 13:30-14:45 (조만식기념관 12203-박수경)",전체학년 ;순수외국인입학생 (대상외수강제한)(대상외수강제한),
C0308,liberal,인간·언어,인간·언어,교선,교선,2150654904,독서토론세미나,,조성해,교양교육운영팀,3,3,,37,3,화 목 12:00-13:15 (조만식기념관 12328-조성해),전체학년 ;순수외국인입학생 (대상외수강제한)(대상외수강제한),
C0309,liberal,인간·언어,인간·언어,교선,교선,2150654905,독서토론세미나,,조성해,교양교육운영팀,3,3,,38,2,화 목 13:30-14:45 (조만식기념관 12208-조성해),전체학년 ;순수외국인입학생 (대상외수강제한)(대상외수강제한),
C0310,liberal,인간·언어,인간·언어,교선,교선,5010588001,Practical English Listening & Reading,,정성희,교양교육운영팀,3,3,"영어
EL+",41,7,"월 15:00-16:15 (진리관 11305-정성희)
월 16:30-17:45 (진리관 11305-정성희)",전체학년 전체(영어영문학과제외),
C0311,liberal,인간·언어,인간·언어,교선,교선,5010588002,Practical English Listening & Reading,,정성희,교양교육운영팀,3,3,"영어
EL+",33,15,"금 15:00-16:15 (진리관 11305-정성희)
금 16:30-17:45 (진리관 11305-정성희)",전체학년 전체(영어영문학과제외),
C0312,liberal,인간·언어,인간·언어,교선,교선,5027588101,대학기초영어,,복은임,교양교육운영팀,2,3,,20,4,화 목 13:30-14:45 (진리관 11110-복은임),전체학년 ;순수외국인입학생 (대상외수강제한)(대상외수강제한),
C0313,liberal,인간·언어,인간·언어,교선,교선,5027588102,대학기초영어,,복은임,교양교육운영팀,2,3,,16,8,수 금 12:00-13:15 (진리관 11110-복은임),전체학년 ;순수외국인입학생 (대상외수강제한)(대상외수강제한),
C0314,liberal,인간·언어,인간·언어,교선,교선,5027588103,대학기초영어,,이선영,교양교육운영팀,2,3,EL+,22,2,화 목 15:00-16:15 (진리관 11111-이선영),전체학년 전체,
C0315,liberal,인간·언어,인간·언어,교선,교선,5027588104,대학기초영어,,이선영,교양교육운영팀,2,3,EL+,17,7,수 금 15:00-16:15 (진리관 11111-이선영),전체학년 전체,
C0316,liberal,자기개발·진로탐색,자기개발·진로탐색,교선,교선,2150045401,현대사회이슈와공동체리더십,,문정화,교양교육운영팀,3,3,EL+,50,0,월 수 13:30-14:45 (조만식기념관 12208-문정화),전체학년 전체,
C0317,liberal,자기개발·진로탐색,자기개발·진로탐색,교선,교선,2150049701,기독교심리:마음을만나다,,김옥주,교양교육운영팀,2,2,,24,26,"화 19:30-20:20 (백마관 07116-김옥주)
화 20:30-21:20 (백마관 07116-김옥주)",전체학년 국제무역 (대상외수강제한)(대상외수강제한),
C0318,liberal,자기개발·진로탐색,자기개발·진로탐색,교선,교선,2150049702,기독교심리:마음을만나다,,김옥주,교양교육운영팀,2,2,,55,5,"수 17:00-17:50 (진리관 11517-김옥주)
수 18:00-18:50 (진리관 11517-김옥주)",전체학년 전체,
C0319,liberal,자기개발·진로탐색,자기개발·진로탐색,교선,교선,2150051201,창의융합인재되기3code전략,,이경화,교양교육운영팀,3,3,녹화,198,2,,전체학년 전체,(대면 기말고사) 6월 20일(토) 오후 6시~8시
C0320,liberal,자기개발·진로탐색,자기개발·진로탐색,교선,교선,2150057601,오픈소스를활용한실전창업,,김종배,SW교육팀,3,3,EL+,40,10,"월 09:00-10:15 (미래관 20501-김종배)
월 10:30-11:45 (미래관 20501-김종배)","2학년 
3학년 
4학년 (대상외수강제한)(대상외수강제한)",
C0321,liberal,자기개발·진로탐색,자기개발·진로탐색,교선,교선,2150069301,공기업취업전략과현장이해,,박윤희,교양교육운영팀,2,2,,48,2,"월 10:00-10:50 (형남공학관 05115-박윤희)
월 11:00-11:50 (형남공학관 05115-박윤희)",전체학년 전체,
C0322,liberal,자기개발·진로탐색,자기개발·진로탐색,교선,교선,2150070801,스타트업을위한실전SNS마케팅,,양욱현,창업교육지원팀,3,3,EL+,50,1,"수 15:00-16:15 (조만식기념관 12404-양욱현)
수 16:30-17:45 (조만식기념관 12404-양욱현)",전체,
C0323,liberal,자기개발·진로탐색,자기개발·진로탐색,교선,교선,2150094601,인물탐구와비전,,송영숙,교양교육운영팀,3,3,,30,20,"화 13:30-14:45 (백마관 07317-송영숙)
화 15:00-16:15 (백마관 07317-송영숙)",전체학년 전체,
C0324,liberal,자기개발·진로탐색,자기개발·진로탐색,교선,교선,2150095101,메타버스크리에이팅/마케팅(대학생창직),,이경은,창업교육지원팀,3,3,,40,10,"화 15:00-16:15 (조만식기념관 12404-이경은)
화 16:30-17:45 (조만식기념관 12404-이경은)",전체,
C0325,liberal,자기개발·진로탐색,자기개발·진로탐색,교선,교선,2150106801,GenZ의미래역량과‘7C-Up’,,"이경화
전주성",평생교육학과,2,2,"녹화
EL+",215,5,,전체,
C0326,liberal,자기개발·진로탐색,자기개발·진로탐색,교선,교선,2150143901,유학생창업AtoZ,,김종배,창업교육지원팀,3,3,,42,8,"월 15:00-16:15 (미래관 20402-김종배)
월 16:30-17:45 (미래관 20402-김종배)",전체학년 ;순수외국인입학생 (대상외수강제한)(대상외수강제한),
C0327,liberal,자기개발·진로탐색,자기개발·진로탐색,교선,교선,2150144101,기술창업AtoZ,,허공회,창업교육지원팀,3,3,,52,0,"수 15:00-16:15 (미래관 20202-허공회)
수 16:30-17:45 (미래관 20202-허공회)",전체,
C0328,liberal,자기개발·진로탐색,자기개발·진로탐색,교선,교선,2150153501,취업에필요한재무제표이해,,오웅락,학사팀,3,3,녹화,251,9,,전체,비대면 기말고사
C0329,liberal,자기개발·진로탐색,자기개발·진로탐색,교선,교선,2150153901,재난관리첫걸음의모든것,,정종수,학사팀,3,3,녹화,256,4,,전체,"대면 기말고사, 6.12(금) 19:00-19:50 조만식기념관 327, 328, 329호"
C0330,liberal,자기개발·진로탐색,자기개발·진로탐색,교선,교선,2150154501,전공탐색과설계,,한주연,자유전공학부,1,1,대면+녹화,47,0,수 15:00-15:50 (미래관 20203-한주연),1학년 자유전공학부 (대상외수강제한)(대상외수강제한),01분반만 수강가능
C0331,liberal,자기개발·진로탐색,자기개발·진로탐색,교선,교선,2150154502,전공탐색과설계,,남상은,자유전공학부,1,1,대면+녹화,47,0,수 15:00-15:50 (안익태기념관 04404-남상은),1학년 자유전공학부 (대상외수강제한)(대상외수강제한),02분반만 수강가능
C0332,liberal,자기개발·진로탐색,자기개발·진로탐색,교선,교선,2150154503,전공탐색과설계,,연지연,자유전공학부,1,1,대면+녹화,48,0,수 15:00-15:50 (조만식기념관 12406-연지연),1학년 자유전공학부 (대상외수강제한)(대상외수강제한),03분반만 수강가능
C0333,liberal,자기개발·진로탐색,자기개발·진로탐색,교선,교선,2150154504,전공탐색과설계,,김태연,자유전공학부,1,1,대면+녹화,46,0,수 15:00-15:50 (정보과학관 21601-김태연),1학년 자유전공학부 (대상외수강제한)(대상외수강제한),04분반만 수강가능
C0334,liberal,자기개발·진로탐색,자기개발·진로탐색,교선,교선,2150154505,전공탐색과설계,,한주연,자유전공학부,1,1,대면+녹화,46,0,수 16:30-17:20 (미래관 20203-한주연),1학년 자유전공학부 (대상외수강제한)(대상외수강제한),05분반만 수강가능
C0335,liberal,자기개발·진로탐색,자기개발·진로탐색,교선,교선,2150154506,전공탐색과설계,,남상은,자유전공학부,1,1,대면+녹화,45,0,수 16:30-17:20 (안익태기념관 04404-남상은),1학년 자유전공학부 (대상외수강제한)(대상외수강제한),06분반만 수강가능
C0336,liberal,자기개발·진로탐색,자기개발·진로탐색,교선,교선,2150154507,전공탐색과설계,,연지연,자유전공학부,1,1,대면+녹화,45,0,수 16:30-17:20 (조만식기념관 12406-연지연),1학년 자유전공학부 (대상외수강제한)(대상외수강제한),07분반만 수강가능
C0337,liberal,자기개발·진로탐색,자기개발·진로탐색,교선,교선,2150154508,전공탐색과설계,,김태연,자유전공학부,1,1,대면+녹화,47,0,수 16:30-17:20 (정보과학관 21601-김태연),1학년 자유전공학부 (대상외수강제한)(대상외수강제한),08분반만 수강가능
C0338,liberal,자기개발·진로탐색,자기개발·진로탐색,교선,교선,2150154601,진로탐색과설계,,한주연,자유전공학부,1,1,대면+녹화,47,0,수 15:00-15:50 (미래관 20203-한주연),1학년 자유전공학부 (대상외수강제한)(대상외수강제한),01분반만 수강가능
C0339,liberal,자기개발·진로탐색,자기개발·진로탐색,교선,교선,2150154602,진로탐색과설계,,남상은,자유전공학부,1,1,대면+녹화,47,0,수 15:00-15:50 (안익태기념관 04404-남상은),1학년 자유전공학부 (대상외수강제한)(대상외수강제한),02분반만 수강가능
C0340,liberal,자기개발·진로탐색,자기개발·진로탐색,교선,교선,2150154603,진로탐색과설계,,연지연,자유전공학부,1,1,대면+녹화,47,0,수 15:00-15:50 (조만식기념관 12406-연지연),1학년 자유전공학부 (대상외수강제한)(대상외수강제한),03분반만 수강가능
C0341,liberal,자기개발·진로탐색,자기개발·진로탐색,교선,교선,2150154604,진로탐색과설계,,김태연,자유전공학부,1,1,대면+녹화,46,0,수 15:00-15:50 (정보과학관 21601-김태연),1학년 자유전공학부 (대상외수강제한)(대상외수강제한),04분반만 수강가능
C0342,liberal,자기개발·진로탐색,자기개발·진로탐색,교선,교선,2150154605,진로탐색과설계,,한주연,자유전공학부,1,1,대면+녹화,46,0,수 16:30-17:20 (미래관 20203-한주연),1학년 자유전공학부 (대상외수강제한)(대상외수강제한),05분반만 수강가능
C0343,liberal,자기개발·진로탐색,자기개발·진로탐색,교선,교선,2150154606,진로탐색과설계,,남상은,자유전공학부,1,1,대면+녹화,45,0,수 16:30-17:20 (안익태기념관 04404-남상은),"1학년 자유전공학부 ,자유전공학부 (대상외수강제한)(대상외수강제한)",06분반만 수강가능
C0344,liberal,자기개발·진로탐색,자기개발·진로탐색,교선,교선,2150154607,진로탐색과설계,,연지연,자유전공학부,1,1,대면+녹화,45,0,수 16:30-17:20 (조만식기념관 12406-연지연),1학년 자유전공학부 (대상외수강제한)(대상외수강제한),07분반만 수강가능
C0345,liberal,자기개발·진로탐색,자기개발·진로탐색,교선,교선,2150154608,진로탐색과설계,,김태연,자유전공학부,1,1,대면+녹화,47,0,수 16:30-17:20 (정보과학관 21601-김태연),1학년 자유전공학부 (대상외수강제한)(대상외수강제한),08분반만 수강가능
C0346,liberal,자기개발·진로탐색,자기개발·진로탐색,교선,교선,2150159701,AI자기주도학습설계,,정나리아,SW교육팀,3,3,,45,5,"수 10:30-11:45 (정보과학관 21206-정나리아)
수 12:00-13:15 (정보과학관 21206-정나리아)",전체,
C0347,liberal,자기개발·진로탐색,자기개발·진로탐색,교선,교선,2150178801,대기업실무경험으로배우는실전창업인사이트,,양욱현,창업교육지원팀,3,3,EL+,47,3,"월 15:00-16:15 (조만식기념관 12403-양욱현)
월 16:30-17:45 (조만식기념관 12403-양욱현)",전체,
C0348,liberal,자기개발·진로탐색,자기개발·진로탐색,교선,교선,2150180901,놀이를통한행복찾기(숭실사이버대),,,학사팀,3,3,녹화,192,8,,전체,"대면 기말고사 26.6.12.(금) 19:00-19:50(진리관 302, 303, 304, 307호) 본교생만 수강가능(국내대학 학점교류생 수강불가)"
C0349,liberal,자기개발·진로탐색,자기개발·진로탐색,교선,교선,2150384701,레저스포츠,,한철,스포츠학부,1,2,,23,7,"월 15:00-15:50 (미래관 20307-한철)
월 16:00-16:50 (미래관 20307-한철)",스포츠학부 제외,축구
C0350,liberal,자기개발·진로탐색,자기개발·진로탐색,교선,교선,2150384702,레저스포츠,,김주원,스포츠학부,1,2,,25,5,"금 15:00-15:50 (진리관 11309-김주원)
금 16:00-16:50 (진리관 11309-김주원)",스포츠학부 제외,필라테스
C0351,liberal,자기개발·진로탐색,자기개발·진로탐색,교선,교선,2150384703,레저스포츠,,나웅태,스포츠학부,1,2,,28,2,"월 15:00-15:50 (조만식기념관 12310-나웅태)
월 16:00-16:50 (조만식기념관 12310-나웅태)",스포츠학부 제외,골프
C0352,liberal,자기개발·진로탐색,자기개발·진로탐색,교선,교선,2150384704,레저스포츠,,나웅태,스포츠학부,1,2,,21,9,"금 15:00-15:50 (미래관 20307-나웅태)
금 16:00-16:50 (미래관 20307-나웅태)",스포츠학부 제외,골프
C0353,liberal,자기개발·진로탐색,자기개발·진로탐색,교선,교선,2150384705,레저스포츠,,방상아,스포츠학부,1,2,,14,16,"수 15:00-15:50 (백마관 07316-방상아)
수 16:00-16:50 (백마관 07316-방상아)",스포츠학부 제외,빙상
C0354,liberal,자기개발·진로탐색,자기개발·진로탐색,교선,교선,2150384706,레저스포츠,,홍석범,스포츠학부,1,2,,17,13,"화 15:00-15:50 (미래관 20307-홍석범)
화 16:00-16:50 (미래관 20307-홍석범)",스포츠학부 제외,뉴스포츠
C0355,liberal,자기개발·진로탐색,자기개발·진로탐색,교선,교선,2150384707,레저스포츠,,홍석범,스포츠학부,1,2,,29,1,"수 15:00-15:50 (미래관 20503-홍석범)
수 16:00-16:50 (미래관 20503-홍석범)",스포츠학부 제외,배드민턴
C0356,liberal,자기개발·진로탐색,자기개발·진로탐색,교선,교선,2150479901,진로와직업선택,,박윤희,교양교육운영팀,2,2,,75,5,"수 10:00-10:50 (정보과학관 21102-박윤희)
수 11:00-11:50 (정보과학관 21102-박윤희)",3학년 전체 (대상외수강제한)(대상외수강제한),
C0357,liberal,자기개발·진로탐색,자기개발·진로탐색,교선,교선,2150479902,진로와직업선택,,박윤희,교양교육운영팀,2,2,,78,2,"수 13:00-13:50 (정보과학관 21102-박윤희)
수 14:00-14:50 (정보과학관 21102-박윤희)",3학년 전체 (대상외수강제한)(대상외수강제한),
C0358,liberal,자기개발·진로탐색,자기개발·진로탐색,교선,교선,2150484101,대학생활과진로탐색,,김윤진,교양교육운영팀,2,2,,99,1,"월 15:00-15:50 (형남공학관 05115-김윤진)
월 16:00-16:50 (형남공학관 05115-김윤진)",1학년 전체 (대상외수강제한)(대상외수강제한),
C0359,liberal,자기개발·진로탐색,자기개발·진로탐색,교선,교선,2150484102,대학생활과진로탐색,,김윤진,교양교육운영팀,2,2,,97,3,"월 17:00-17:50 (형남공학관 05115-김윤진)
월 18:00-18:50 (형남공학관 05115-김윤진)",1학년 전체 (대상외수강제한)(대상외수강제한),
C0360,liberal,자기개발·진로탐색,자기개발·진로탐색,교선,교선,2150484103,대학생활과진로탐색,,김윤진,교양교육운영팀,2,2,,98,2,"화 17:00-17:50 (형남공학관 05115-김윤진)
화 18:00-18:50 (형남공학관 05115-김윤진)",1학년 전체 (대상외수강제한)(대상외수강제한),
C0361,liberal,자기개발·진로탐색,자기개발·진로탐색,교선,교선,2150522701,웰빙시대의건강관리,,김화룡,스포츠학부,2,2,,46,4,"금 15:00-15:50 (조만식기념관 12310-김화룡)
금 16:00-16:50 (조만식기념관 12310-김화룡)",스포츠학부 제외,
C0362,liberal,자기개발·진로탐색,자기개발·진로탐색,교선,교선,2150522702,웰빙시대의건강관리,,최봉길,스포츠학부,2,2,,47,3,"수 15:00-15:50 (조만식기념관 12310-최봉길)
수 16:00-16:50 (조만식기념관 12310-최봉길)",스포츠학부 제외,
C0363,liberal,자기개발·진로탐색,자기개발·진로탐색,교선,교선,2150533701,섬김의리더십,,최춘화,교양교육운영팀,1,1,,81,0,월 15:00-15:50 (베어드홀 01103-최춘화),전체학년 전체,
C0364,liberal,자기개발·진로탐색,자기개발·진로탐색,교선,교선,2150533702,섬김의리더십,,최춘화,교양교육운영팀,1,1,,79,1,월 16:00-16:50 (베어드홀 01103-최춘화),전체학년 전체,
C0365,liberal,자기개발·진로탐색,자기개발·진로탐색,교선,교선,2150533703,섬김의리더십,,문정화,교양교육운영팀,1,1,,74,6,월 16:00-16:50 (진리관 11522 (이효계강의실)-문정화),전체학년 전체,
C0366,liberal,자기개발·진로탐색,자기개발·진로탐색,교선,교선,2150533704,섬김의리더십,,문정화,교양교육운영팀,1,1,,79,1,월 17:00-17:50 (진리관 11522 (이효계강의실)-문정화),전체학년 전체,
C0367,liberal,자기개발·진로탐색,자기개발·진로탐색,교선,교선,2150533705,섬김의리더십,,문정화,교양교육운영팀,1,1,,80,0,화 14:00-14:50 (베어드홀 01103-문정화),전체학년 전체,
C0368,liberal,자기개발·진로탐색,자기개발·진로탐색,교선,교선,2150533706,섬김의리더십,,최춘화,교양교육운영팀,1,1,,79,1,수 14:00-14:50 (형남공학관 05115-최춘화),전체학년 전체,
C0369,liberal,자기개발·진로탐색,자기개발·진로탐색,교선,교선,2150533707,섬김의리더십,,최춘화,교양교육운영팀,1,1,,80,0,수 15:00-15:50 (형남공학관 05115-최춘화),전체학년 전체,
C0370,liberal,자기개발·진로탐색,자기개발·진로탐색,교선,교선,2150533708,섬김의리더십,,문정화,교양교육운영팀,1,1,,80,0,화 15:00-15:50 (베어드홀 01103-문정화),전체학년 전체,
C0371,liberal,자기개발·진로탐색,자기개발·진로탐색,교선,교선,2150533709,섬김의리더십,,문정화,교양교육운영팀,1,1,,79,1,수 16:00-16:50 (형남공학관 05115-문정화),전체학년 전체,
C0372,liberal,자기개발·진로탐색,자기개발·진로탐색,교선,교선,2150533710,섬김의리더십,,문정화,교양교육운영팀,1,1,,80,0,목 14:00-14:50 (형남공학관 05115-문정화),전체학년 전체,
C0373,liberal,자기개발·진로탐색,자기개발·진로탐색,교선,교선,2150533711,섬김의리더십,,문정화,교양교육운영팀,1,1,,80,0,목 15:00-15:50 (형남공학관 05115-문정화),전체학년 전체,
C0374,liberal,자기개발·진로탐색,자기개발·진로탐색,교선,교선,2150533712,섬김의리더십,,문정화,교양교육운영팀,1,1,,79,1,금 14:00-14:50 (형남공학관 05115-문정화),전체학년 전체,
C0375,liberal,자기개발·진로탐색,자기개발·진로탐색,교선,교선,2150533713,섬김의리더십,,최춘화,교양교육운영팀,1,1,,80,0,금 15:00-15:50 (베어드홀 01103-최춘화),전체학년 전체,
C0376,liberal,자기개발·진로탐색,자기개발·진로탐색,교선,교선,2150533714,섬김의리더십,,문정화,교양교육운영팀,1,1,,80,0,금 15:00-15:50 (형남공학관 05115-문정화),전체학년 전체,
C0377,liberal,자기개발·진로탐색,자기개발·진로탐색,교선,교선,2150533715,섬김의리더십,,최춘화,교양교육운영팀,1,1,,79,1,금 16:00-16:50 (형남공학관 05115-최춘화),전체학년 전체,
C0378,liberal,자기개발·진로탐색,자기개발·진로탐색,교선,교선,2150605301,현대인과국제예절,,김은정,교양교육운영팀,3,3,,15,35,수 금 15:00-16:15 (전산관 19327-김은정),전체학년 ;순수외국인입학생 (대상외수강제한)(대상외수강제한),
C0379,liberal,자기개발·진로탐색,자기개발·진로탐색,교선,교선,2150605302,현대인과국제예절,,유정아,교양교육운영팀,3,3,,38,12,월 수 15:00-16:15 (문화관 03506-유정아),전체학년 ;순수외국인입학생 (대상외수강제한)(대상외수강제한),
C0380,liberal,자기개발·진로탐색,자기개발·진로탐색,교선,교선,2150605303,현대인과국제예절,,김은정,교양교육운영팀,3,3,,13,37,수 금 16:30-17:45 (전산관 19327-김은정),전체학년 ;순수외국인입학생 (대상외수강제한)(대상외수강제한),
C0381,liberal,자기개발·진로탐색,자기개발·진로탐색,교선,교선,2150605304,현대인과국제예절,,유정아,교양교육운영팀,3,3,,11,39,월 수 16:30-17:45 (문화관 03506-유정아),전체학년 ;순수외국인입학생 (대상외수강제한)(대상외수강제한),
C0382,liberal,자기개발·진로탐색,자기개발·진로탐색,교선,교선,2150605701,사회봉사실천1,,,교양교육운영팀,1,0,,0,0,,전체학년 전체,
C0383,liberal,자기개발·진로탐색,자기개발·진로탐색,교선,교선,2150605801,사회봉사실천2,,,교양교육운영팀,1,0,,0,0,,전체학년 전체,
C0384,liberal,자기개발·진로탐색,자기개발·진로탐색,교선,교선,2150605901,사회봉사실천3,,,교양교육운영팀,1,0,,0,0,,전체학년 전체,
C0385,liberal,자기개발·진로탐색,자기개발·진로탐색,교선,교선,2150623401,한경직리더십,,조두형,교양교육운영팀,3,3,,38,22,"수 15:00-16:15 (백마관 07218-조두형)
수 16:30-17:45 (백마관 07218-조두형)",전체학년 전체,
C0386,liberal,자기개발·진로탐색,자기개발·진로탐색,교선,교선,2150630001,청년기발달과자기이해,,김남숙,교양교육운영팀,3,3,EL+,47,3,"수 15:00-16:15 (백마관 07116-김남숙)
수 16:30-17:45 (백마관 07116-김남숙)",전체학년 전체,
C0387,liberal,자기개발·진로탐색,자기개발·진로탐색,교선,교선,2150631001,리더십과진로계획,,오성찬,교양교육운영팀,2,2,,69,1,"화 13:00-13:50 (정보과학관 21102-오성찬)
화 14:00-14:50 (정보과학관 21102-오성찬)",2학년 전체 (대상외수강제한)(대상외수강제한),
C0388,liberal,자기개발·진로탐색,자기개발·진로탐색,교선,교선,2150631002,리더십과진로계획,,오성찬,교양교육운영팀,2,2,,69,1,"화 15:00-15:50 (정보과학관 21102-오성찬)
화 16:00-16:50 (정보과학관 21102-오성찬)",2학년 전체 (대상외수강제한)(대상외수강제한),
C0389,liberal,자기개발·진로탐색,자기개발·진로탐색,교선,교선,2150631003,리더십과진로계획,,오성찬,교양교육운영팀,2,2,,69,1,"화 17:00-17:50 (정보과학관 21102-오성찬)
화 18:00-18:50 (정보과학관 21102-오성찬)",2학년 전체 (대상외수강제한)(대상외수강제한),
C0390,liberal,자기개발·진로탐색,자기개발·진로탐색,교선,교선,2150631101,취업과경력개발,,박윤희,교양교육운영팀,2,2,,75,5,"월 13:00-13:50 (형남공학관 05115-박윤희)
월 14:00-14:50 (형남공학관 05115-박윤희)","4학년 전체
5학년 전체 (대상외수강제한)(대상외수강제한)",
C0391,liberal,자기개발·진로탐색,자기개발·진로탐색,교선,교선,2150631102,취업과경력개발,,박윤희,교양교육운영팀,2,2,,77,3,"화 10:00-10:50 (형남공학관 05115-박윤희)
화 11:00-11:50 (형남공학관 05115-박윤희)","4학년 전체
5학년 전체 (대상외수강제한)(대상외수강제한)",
C0392,liberal,자기개발·진로탐색,자기개발·진로탐색,교선,교선,2150631103,취업과경력개발,,박윤희,교양교육운영팀,2,2,,79,1,"화 13:00-13:50 (형남공학관 05115-박윤희)
화 14:00-14:50 (형남공학관 05115-박윤희)","4학년 전체
5학년 전체 (대상외수강제한)(대상외수강제한)",
C0393,liberal,자기개발·진로탐색,자기개발·진로탐색,교선,교선,2150637301,공공가치와리더십,,이국배,교양교육운영팀,2,2,EL+,46,4,"화 15:00-15:50 (조만식기념관 12208-이국배)
화 16:00-16:50 (조만식기념관 12208-이국배)",전체학년 전체,
C0394,liberal,자기개발·진로탐색,자기개발·진로탐색,교선,교선,2150637302,공공가치와리더십,,이국배,교양교육운영팀,2,2,EL+,38,12,"화 17:00-17:50 (조만식기념관 12208-이국배)
화 18:00-18:50 (조만식기념관 12208-이국배)",전체학년 전체,
C0395,liberal,자기개발·진로탐색,자기개발·진로탐색,교선,교선,2150696601,인간행동과사회환경,,김양하,복지경영학과(계약학과),3,3,대면+녹화,17,0,토 16:30-17:45 (숭덕경상관 02211-김양하),전체학년 복지경영학과(계약학과) (대상외수강제한)(대상외수강제한),
C0396,liberal,자기개발·진로탐색,자기개발·진로탐색,교선,교선,2150900001,교원양성특강1,,유경훈,학사팀,1,1,,22,14,금 17:00-17:50 (미래관 20108-유경훈),순수외국인입학생 제한,
C0397,liberal,자기개발·진로탐색,자기개발·진로탐색,교선,교선,2150915001,Soongsil Honor Code,,문정화,교양교육운영팀,1,1,,43,5,월 15:00-15:50 (진리관 11402-문정화),전체학년 전체,
C0398,liberal,자기개발·진로탐색,자기개발·진로탐색,교선,교선,2150915002,Soongsil Honor Code,,문정화,교양교육운영팀,1,1,,45,5,수 15:00-15:50 (진리관 11517-문정화),전체학년 전체,
C0399,liberal,자기개발·진로탐색,자기개발·진로탐색,교선,교선,5010542201,창의성과문제해결,,박지영,평생교육학과,3,3,,45,5,"수 12:00-13:15 (벤처중소기업센터 10512-박지영)
수 13:30-14:45 (벤처중소기업센터 10512-박지영)",전체,
C0400,liberal,자기개발·진로탐색,자기개발·진로탐색,교선,교선,5010543101,자기주도적학습,,이경화,교양교육운영팀,1,1,녹화,143,7,,전체학년 전체,
C0401,liberal,자기개발·진로탐색,자기개발·진로탐색,교선,교선,5010543102,자기주도적학습,,이경화,교양교육운영팀,1,1,녹화,146,4,,전체학년 전체,
